-- MySQL dump 10.13  Distrib 8.0.26, for macos11.3 (x86_64)
--
-- Host: localhost    Database: we_starbucks
-- ------------------------------------------------------
-- Server version	8.0.26

/*!40101 SET @OLD_CHARACTER_SET_CLIENT=@@CHARACTER_SET_CLIENT */;
/*!40101 SET @OLD_CHARACTER_SET_RESULTS=@@CHARACTER_SET_RESULTS */;
/*!40101 SET @OLD_COLLATION_CONNECTION=@@COLLATION_CONNECTION */;
/*!50503 SET NAMES utf8mb4 */;
/*!40103 SET @OLD_TIME_ZONE=@@TIME_ZONE */;
/*!40103 SET TIME_ZONE='+00:00' */;
/*!40014 SET @OLD_UNIQUE_CHECKS=@@UNIQUE_CHECKS, UNIQUE_CHECKS=0 */;
/*!40014 SET @OLD_FOREIGN_KEY_CHECKS=@@FOREIGN_KEY_CHECKS, FOREIGN_KEY_CHECKS=0 */;
/*!40101 SET @OLD_SQL_MODE=@@SQL_MODE, SQL_MODE='NO_AUTO_VALUE_ON_ZERO' */;
/*!40111 SET @OLD_SQL_NOTES=@@SQL_NOTES, SQL_NOTES=0 */;

--
-- Table structure for table `_prisma_migrations`
--

DROP TABLE IF EXISTS `_prisma_migrations`;
/*!40101 SET @saved_cs_client     = @@character_set_client */;
/*!50503 SET character_set_client = utf8mb4 */;
CREATE TABLE `_prisma_migrations` (
  `id` varchar(36) COLLATE utf8mb4_unicode_ci NOT NULL,
  `checksum` varchar(64) COLLATE utf8mb4_unicode_ci NOT NULL,
  `finished_at` datetime(3) DEFAULT NULL,
  `migration_name` varchar(255) COLLATE utf8mb4_unicode_ci NOT NULL,
  `logs` text COLLATE utf8mb4_unicode_ci,
  `rolled_back_at` datetime(3) DEFAULT NULL,
  `started_at` datetime(3) NOT NULL DEFAULT CURRENT_TIMESTAMP(3),
  `applied_steps_count` int unsigned NOT NULL DEFAULT '0',
  PRIMARY KEY (`id`)
) ENGINE=InnoDB DEFAULT CHARSET=utf8mb4 COLLATE=utf8mb4_unicode_ci;
/*!40101 SET character_set_client = @saved_cs_client */;

--
-- Dumping data for table `_prisma_migrations`
--

LOCK TABLES `_prisma_migrations` WRITE;
/*!40000 ALTER TABLE `_prisma_migrations` DISABLE KEYS */;
INSERT INTO `_prisma_migrations` VALUES ('1bed61fa-080f-4f4f-9cfa-ea69b8ea1978','267f261abeccb821c5f0d45dac111728e2de0b76f7c2a0ba807cc242ffadc1f2','2021-09-23 02:29:03.738','20210923022903_init',NULL,NULL,'2021-09-23 02:29:03.545',1),('34643599-ec69-4059-b21a-c2e21fc026a9','9f74d9762b6fc8a61d7ecd47b85ebe4c6ba17876e20f5f5c42083db640b9ff13','2021-09-23 03:07:47.721','20210923030747_fix_allergy_to_coffee_map',NULL,NULL,'2021-09-23 03:07:47.707',1),('55e2a621-4dd8-4c95-9ff8-92d929d6584f','253906d97d67155f64b47fe660218ba79207deda518ca54ab01bfe2fd3dee783','2021-09-23 02:36:38.686','20210923023638_fix_coffee_englishname_map',NULL,NULL,'2021-09-23 02:36:38.633',1),('6f86212c-d200-4513-9ea1-c9658dc3d7f2','25433a7b365383dbe652734e6c13dd87f76133ea5e95e0d1b73c04ab4a1904dc','2021-09-23 03:05:04.748','20210923030504_fix_allergy_to_coffee_map',NULL,NULL,'2021-09-23 03:05:04.699',1),('76846782-8eed-43e6-baca-846898540af5','75c965128692e094ab67ff8660482af0722fedc7e6edefe3498ad92e9b230ef4','2021-09-23 02:46:30.674','20210923024630_fix_allergy_to_coffee_explicit',NULL,NULL,'2021-09-23 02:46:30.621',1),('c024a017-4206-4fdb-b42c-8e108a22dddd','86e1fce3484b4c8b7d041358ff4d3dab7e931b8acfda90d19e0d9428c2a1cf5a','2021-09-23 02:39:26.553','20210923023926_fix_updated_at_default_now',NULL,NULL,'2021-09-23 02:39:26.521',1),('e1438497-2f00-4590-b910-4480d5d2e05d','4b4dfc14e0d349e002a18f3003d8601d6ad5d4b6a09b46f2b23b3559044e189f','2021-09-23 03:03:50.363','20210923030350_fix_name_to_allergy',NULL,NULL,'2021-09-23 03:03:50.343',1),('f1088b61-be00-4d50-b145-ad3efcabce7a','74e5df783a8859dcbb90cf0529715ac9a7e4ff7557a4cb8157288166c9cf41e3','2021-09-23 02:30:35.350','20210923023035_fix_coffeesize_on_delete_set_null_and_and_coffeecategory_on_delete_set_null',NULL,NULL,'2021-09-23 02:30:35.317',1);
/*!40000 ALTER TABLE `_prisma_migrations` ENABLE KEYS */;
UNLOCK TABLES;

--
-- Table structure for table `allergies`
--

DROP TABLE IF EXISTS `allergies`;
/*!40101 SET @saved_cs_client     = @@character_set_client */;
/*!50503 SET character_set_client = utf8mb4 */;
CREATE TABLE `allergies` (
  `id` int NOT NULL AUTO_INCREMENT,
  `created_at` datetime(3) NOT NULL DEFAULT CURRENT_TIMESTAMP(3),
  `updated_at` datetime(3) NOT NULL DEFAULT CURRENT_TIMESTAMP(3),
  `allergy_coffee_id` int DEFAULT NULL,
  `allergy` varchar(191) COLLATE utf8mb4_unicode_ci NOT NULL,
  PRIMARY KEY (`id`),
  UNIQUE KEY `allergies_allergy_key` (`allergy`),
  KEY `allergies_allergy_coffee_id_fkey` (`allergy_coffee_id`),
  CONSTRAINT `allergies_allergy_coffee_id_fkey` FOREIGN KEY (`allergy_coffee_id`) REFERENCES `allergy_coffee` (`id`) ON DELETE SET NULL ON UPDATE CASCADE
) ENGINE=InnoDB AUTO_INCREMENT=9 DEFAULT CHARSET=utf8mb4 COLLATE=utf8mb4_unicode_ci;
/*!40101 SET character_set_client = @saved_cs_client */;

--
-- Dumping data for table `allergies`
--

LOCK TABLES `allergies` WRITE;
/*!40000 ALTER TABLE `allergies` DISABLE KEYS */;
INSERT INTO `allergies` VALUES (1,'2021-09-23 03:04:06.113','2021-09-23 03:04:06.113',NULL,'우유'),(2,'2021-09-23 03:08:10.180','2021-09-23 03:08:10.180',NULL,'대두'),(3,'2021-09-23 03:08:51.003','2021-09-23 03:08:51.003',NULL,'밀'),(4,'2021-09-23 03:08:54.517','2021-09-23 03:08:54.517',NULL,'땅콩'),(5,'2021-09-23 03:08:54.522','2021-09-23 03:08:54.522',NULL,'난류'),(6,'2021-09-23 03:08:54.526','2021-09-23 03:08:54.526',NULL,'오징어'),(7,'2021-09-23 03:09:02.833','2021-09-23 03:09:02.833',NULL,'복숭아'),(8,'2021-09-23 03:09:51.472','2021-09-23 03:09:51.472',NULL,'토마토');
/*!40000 ALTER TABLE `allergies` ENABLE KEYS */;
UNLOCK TABLES;

--
-- Table structure for table `allergy_coffee`
--

DROP TABLE IF EXISTS `allergy_coffee`;
/*!40101 SET @saved_cs_client     = @@character_set_client */;
/*!50503 SET character_set_client = utf8mb4 */;
CREATE TABLE `allergy_coffee` (
  `id` int NOT NULL AUTO_INCREMENT,
  `allergies_id` int NOT NULL,
  `coffees_id` int NOT NULL,
  PRIMARY KEY (`id`)
) ENGINE=InnoDB AUTO_INCREMENT=107 DEFAULT CHARSET=utf8mb4 COLLATE=utf8mb4_unicode_ci;
/*!40101 SET character_set_client = @saved_cs_client */;

--
-- Dumping data for table `allergy_coffee`
--

LOCK TABLES `allergy_coffee` WRITE;
/*!40000 ALTER TABLE `allergy_coffee` DISABLE KEYS */;
INSERT INTO `allergy_coffee` VALUES (1,1,2),(2,1,4),(3,1,5),(4,1,6),(5,2,9),(6,1,9),(7,1,11),(8,1,15),(9,1,16),(10,1,17),(11,1,18),(12,2,21),(13,1,21),(14,2,22),(15,1,22),(16,1,23),(17,1,24),(18,1,25),(19,1,26),(20,1,28),(21,1,30),(22,1,31),(23,1,33),(24,1,34),(25,1,35),(26,1,36),(27,1,37),(28,1,38),(29,1,39),(30,1,40),(31,1,41),(32,1,42),(33,1,43),(34,1,44),(35,1,46),(36,1,48),(37,1,49),(38,1,50),(39,1,51),(40,1,52),(41,1,53),(42,1,54),(43,2,55),(44,1,55),(45,3,55),(46,2,56),(47,1,56),(48,1,57),(49,1,58),(50,4,59),(51,2,59),(52,1,59),(53,5,59),(54,3,59),(55,6,59),(56,2,60),(57,1,60),(58,3,60),(59,1,61),(60,2,62),(61,1,62),(62,3,62),(63,1,63),(64,1,65),(65,1,66),(66,2,67),(67,1,67),(68,7,68),(69,1,103),(70,1,104),(71,1,105),(72,1,106),(73,4,107),(74,2,107),(75,1,107),(76,3,107),(77,1,108),(78,1,109),(79,4,110),(80,2,110),(81,1,110),(82,3,110),(83,1,112),(84,1,113),(85,1,115),(86,1,118),(87,4,119),(88,2,119),(89,1,119),(90,5,119),(91,3,119),(92,6,119),(93,1,121),(94,4,122),(95,2,122),(96,1,122),(97,5,122),(98,3,122),(99,6,122),(100,2,123),(101,1,123),(102,2,127),(103,1,127),(104,8,132),(105,1,136),(106,1,137);
/*!40000 ALTER TABLE `allergy_coffee` ENABLE KEYS */;
UNLOCK TABLES;

--
-- Table structure for table `categories`
--

DROP TABLE IF EXISTS `categories`;
/*!40101 SET @saved_cs_client     = @@character_set_client */;
/*!50503 SET character_set_client = utf8mb4 */;
CREATE TABLE `categories` (
  `id` int NOT NULL AUTO_INCREMENT,
  `created_at` datetime(3) NOT NULL DEFAULT CURRENT_TIMESTAMP(3),
  `updated_at` datetime(3) NOT NULL DEFAULT CURRENT_TIMESTAMP(3),
  `name` varchar(191) COLLATE utf8mb4_unicode_ci NOT NULL,
  PRIMARY KEY (`id`),
  UNIQUE KEY `categories_name_key` (`name`)
) ENGINE=InnoDB AUTO_INCREMENT=10 DEFAULT CHARSET=utf8mb4 COLLATE=utf8mb4_unicode_ci;
/*!40101 SET character_set_client = @saved_cs_client */;

--
-- Dumping data for table `categories`
--

LOCK TABLES `categories` WRITE;
/*!40000 ALTER TABLE `categories` DISABLE KEYS */;
INSERT INTO `categories` VALUES (1,'2021-09-23 02:31:26.191','2021-09-23 02:31:26.194','콜드 브루 커피'),(2,'2021-09-23 02:31:26.237','2021-09-23 02:31:26.237','브루드 커피'),(3,'2021-09-23 02:31:26.259','2021-09-23 02:31:26.259','에스프레소'),(4,'2021-09-23 02:31:26.274','2021-09-23 02:31:26.275','프라푸치노'),(5,'2021-09-23 02:31:26.305','2021-09-23 02:31:26.306','블렌디드'),(6,'2021-09-23 02:31:26.320','2021-09-23 02:31:26.320','스타벅스 피지오'),(7,'2021-09-23 02:31:26.335','2021-09-23 02:31:26.335','티(티바나)'),(8,'2021-09-23 02:31:26.350','2021-09-23 02:31:26.351','기타 제조 음료'),(9,'2021-09-23 02:31:26.365','2021-09-23 02:31:26.366','스타벅스 주스(병음료)');
/*!40000 ALTER TABLE `categories` ENABLE KEYS */;
UNLOCK TABLES;

--
-- Table structure for table `coffees`
--

DROP TABLE IF EXISTS `coffees`;
/*!40101 SET @saved_cs_client     = @@character_set_client */;
/*!50503 SET character_set_client = utf8mb4 */;
CREATE TABLE `coffees` (
  `id` int NOT NULL AUTO_INCREMENT,
  `created_at` datetime(3) NOT NULL DEFAULT CURRENT_TIMESTAMP(3),
  `updated_at` datetime(3) NOT NULL DEFAULT CURRENT_TIMESTAMP(3),
  `description` varchar(191) COLLATE utf8mb4_unicode_ci NOT NULL,
  `categories_id` int DEFAULT NULL,
  `english_name` varchar(191) COLLATE utf8mb4_unicode_ci NOT NULL,
  `korean_name` varchar(191) COLLATE utf8mb4_unicode_ci NOT NULL,
  `sizes_id` int DEFAULT NULL,
  `allergy_coffee_id` int DEFAULT NULL,
  PRIMARY KEY (`id`),
  KEY `coffees_categories_id_fkey` (`categories_id`),
  KEY `coffees_sizes_id_fkey` (`sizes_id`),
  KEY `coffees_allergy_coffee_id_fkey` (`allergy_coffee_id`),
  CONSTRAINT `coffees_allergy_coffee_id_fkey` FOREIGN KEY (`allergy_coffee_id`) REFERENCES `allergy_coffee` (`id`) ON DELETE SET NULL ON UPDATE CASCADE,
  CONSTRAINT `coffees_categories_id_fkey` FOREIGN KEY (`categories_id`) REFERENCES `categories` (`id`) ON DELETE SET NULL ON UPDATE CASCADE,
  CONSTRAINT `coffees_sizes_id_fkey` FOREIGN KEY (`sizes_id`) REFERENCES `sizes` (`id`) ON DELETE SET NULL ON UPDATE CASCADE
) ENGINE=InnoDB AUTO_INCREMENT=138 DEFAULT CHARSET=utf8mb4 COLLATE=utf8mb4_unicode_ci;
/*!40101 SET character_set_client = @saved_cs_client */;

--
-- Dumping data for table `coffees`
--

LOCK TABLES `coffees` WRITE;
/*!40000 ALTER TABLE `coffees` DISABLE KEYS */;
INSERT INTO `coffees` VALUES (1,'2021-09-23 02:58:00.217','2021-09-23 02:58:00.216','콜드 브루 전용 원두를 차가운 물로 14시간 동안 추출하여 부드럽고 진한 풍미의 콜드브루를 딜리버리로 원하는 곳에서 편하게 즐겨보세요 (전용 리유저블 보틀 /500ml)',1,'Signature The Black Cold Brew','시그니처 더 블랙 콜드 브루\nSignature The Black Cold Brew',3,NULL),(2,'2021-09-23 02:59:59.453','2021-09-23 02:59:59.453','부드러운 목넘김의 나이트로 커피와 바닐라 크림의 매력을 한번에 느껴보세요!',1,'Nitro Vanilla Cream','나이트로 바닐라 크림\nNitro Vanilla Cream',4,NULL),(3,'2021-09-23 03:08:04.462','2021-09-23 03:08:04.462','나이트로 커피 정통의 캐스케이딩과 부드러운 콜드 크레마!\n부드러운 목 넘김과 완벽한 밸런스에 커피 본연의 단맛을 경험할 수 있습니다.',1,'Nitro Cold Brew','나이트로 콜드 브루\nNitro Cold Brew',4,NULL),(4,'2021-09-23 03:08:05.234','2021-09-23 03:08:05.234','무더운 여름철,\n동남아 휴가지에서 즐기는 커피를 떠오르게 하는\n스타벅스 음료의 베스트 x 베스트 조합인\n돌체 콜드 브루를 만나보세요!',1,'Dolce Cold Brew','돌체 콜드 브루\nDolce Cold Brew',4,NULL),(5,'2021-09-23 03:08:06.285','2021-09-23 03:08:06.285','콜드 브루에 더해진 바닐라 크림으로 깔끔하면서 달콤한 콜드 브루를 새롭게 즐길 수 있는 음료입니다.',1,'Vanilla Cream Cold Brew','바닐라 크림 콜드 브루\nVanilla Cream Cold Brew',4,NULL),(6,'2021-09-23 03:08:07.308','2021-09-23 03:08:07.308','다크 초콜릿 모카의 진한 바디감과 함께\n헤이즐넛 향과 달콤한 카라멜 크림 폼으로\n벨벳같은 부드러움까지 살린 리저브 나이트로 커피',1,'Velvet Dark Mocha Nitro','벨벳 다크 모카 나이트로\nVelvet Dark Mocha Nitro',4,NULL),(7,'2021-09-23 03:08:08.257','2021-09-23 03:08:08.257','[제주지역 한정음료] 제주 천년의 숲 비자림을 연상시키는\n음료로 제주에서 유기농 말차로 만든\n파우더와 Cold Brew를 활용한 음료.',1,'Jeju Forest Cold Brew','제주 비자림 콜드 브루\nJeju Forest Cold Brew',5,NULL),(8,'2021-09-23 03:08:09.344','2021-09-23 03:08:09.344','스타벅스 바리스타의 정성으로 탄생한 콜드 브루!\n\n콜드 브루 전용 원두를 차가운 물로 14시간 동안 추출하여 한정된 양만 제공됩니다.\n깊은 풍미의 새로운 커피 경험을 즐겨보세요.',1,'Cold Brew','콜드 브루\nCold Brew',4,NULL),(9,'2021-09-23 03:08:10.163','2021-09-23 03:08:10.163','[리저브 전용음료] 리저브 콜드 브루, 바닐라 아이스크림, 몰트가 블렌딩된 리저브만의 쉐이크',1,'Cold Brew Malt','콜드 브루 몰트\nCold Brew Malt',4,NULL),(10,'2021-09-23 03:08:11.108','2021-09-23 03:08:11.108','콜드 브루의 풍미와 깔끔한 오트 밀크가 어우러진 달콤 고소한 라떼.\n식물성 밀크를 사용해 모든 고객이 부담없이 즐길 수 있는 콜드 브루 음료',1,'Cold Brew Oat Latte','콜드 브루 오트 라떼\nCold Brew Oat Latte',4,NULL),(11,'2021-09-23 03:08:11.859','2021-09-23 03:08:11.859','[리저브 전용음료] 리저브 콜드 브루 위에 녹아 내리는 한 스쿱의 바닐라 아이스크림',1,'Cold Brew Float','콜드 브루 플로트\nCold Brew Float',4,NULL),(12,'2021-09-23 03:08:12.639','2021-09-23 03:08:12.639','카라멜향을 머금은 애플의 달콤함과\n부드러운 콜드 크레마를 조화롭게\n느낄 수 있는 리저브 나이트로 음료',1,'French Apple Tarte Nitro','프렌치 애플 타르트 나이트로\nFrench Apple Tarte Nitro',4,NULL),(13,'2021-09-23 03:08:13.585','2021-09-23 03:08:13.585','깔끔하고 상큼함이 특징인 시원한 아이스 커피',2,'Iced Coffee','아이스 커피\nIced Coffee',4,NULL),(14,'2021-09-23 03:08:14.222','2021-09-23 03:08:14.222','신선하게 브루드(Brewed)되어 원두의 다양함이 살아있는 커피',2,'Brewed Coffee','오늘의 커피\nBrewed Coffee',4,NULL),(15,'2021-09-23 03:08:15.244','2021-09-23 03:08:15.244','스타벅스의 가을 대표 음료!\n진한 커피와 매력적인 글레이즈드 크림,\n더욱 진해진 치즈 풍미의 스타벅스 아인슈페너 음료',3,'Black Glazed Latte','블랙 글레이즈드 라떼\nBlack Glazed Latte',4,NULL),(16,'2021-09-23 03:08:15.958','2021-09-23 03:08:15.958','스타벅스의 가을 대표 음료!\n진한 커피와 매력적인 글레이즈드 크림,\n더욱 진해진 치즈 풍미의 스타벅스 아인슈페너 음료',3,'Iced Black Glazed Latte','아이스 블랙 글레이즈드 라떼\nIced Black Glazed Latte',4,NULL),(17,'2021-09-23 03:08:16.777','2021-09-23 03:08:16.777','신선한 에스프레소 샷에 풍부한 휘핑크림을 얹은 커피 음료로서, 뜨거운 커피의 맛과 차갑고 달콤한 생크림의 맛을 같이 즐길 수 있는 커피 음료',3,'Espresso Con Panna','에스프레소 콘 파나\nEspresso Con Panna',6,NULL),(18,'2021-09-23 03:08:17.744','2021-09-23 03:08:17.744','신선한 에스프레소 샷에 우유 거품을 살짝 얹은 커피 음료로써, 강렬한 에스프레소의 맛과 우유의 부드러움을 같이 즐길 수 있는 커피 음료',3,'Espresso Macchiato','에스프레소 마키아또\nEspresso Macchiato',6,NULL),(19,'2021-09-23 03:08:18.407','2021-09-23 03:08:18.407','진한 에스프레소에 시원한 정수물과 얼음을 더하여 스타벅스의 깔끔하고 강렬한 에스프레소를 가장 부드럽고 시원하게 즐길 수 있는 커피',3,'Iced Caffe Americano','아이스 카페 아메리카노\nIced Caffe Americano',4,NULL),(20,'2021-09-23 03:08:19.088','2021-09-23 03:08:19.088','진한 에스프레소와 뜨거운 물을 섞어 스타벅스의 깔끔하고 강렬한 에스프레소를 가장 부드럽게 잘 느낄 수 있는 커피',3,'Caffe Americano','카페 아메리카노\nCaffe Americano',4,NULL),(21,'2021-09-23 03:08:19.973','2021-09-23 03:08:19.973','향긋한 바닐라 시럽과 시원한 우유와 얼음을 넣고 점을 찍듯이 에스프레소를 부은 후 벌집 모양으로 카라멜 드리즐을 올린 달콤한 커피 음료',3,'Iced Caramel Macchiato','아이스 카라멜 마키아또\nIced Caramel Macchiato',4,NULL),(22,'2021-09-23 03:08:20.942','2021-09-23 03:08:20.942','향긋한 바닐라 시럽과 따뜻한 스팀 밀크 위에 풍성한 우유 거품을 얹고 점을 찍듯이 에스프레소를 부은 후 벌집 모양으로 카라멜 드리즐을 올린 달콤한 커피 음료',3,'Caramel Macchiato','카라멜 마키아또\nCaramel Macchiato',4,NULL),(23,'2021-09-23 03:08:21.912','2021-09-23 03:08:21.912','풍부하고 진한 에스프레소에 신선한 우유와 우유 거품이 얼음과 함께 들어간 시원하고 부드러운 커피 음료',3,'Iced Cappuccino','아이스 카푸치노\nIced Cappuccino',4,NULL),(24,'2021-09-23 03:08:22.748','2021-09-23 03:08:22.748','풍부하고 진한 에스프레소에 따뜻한 우유와 벨벳 같은 우유 거품이 1:1 비율로 어우러져 마무리된 커피 음료',3,'Cappuccino','카푸치노\nCappuccino',4,NULL),(25,'2021-09-23 03:08:23.628','2021-09-23 03:08:23.628','진한 리저브 에스프레소 샷과 은은한 라벤더향이 고급스럽게 어우러진 부드럽고 세련된 풍미의 라벤더 카페 브레베',3,'Lavender Cafe Breve','라벤더 카페 브레베\nLavender Cafe Breve',4,NULL),(26,'2021-09-23 03:08:24.348','2021-09-23 03:08:24.348','[더종로R, 청담스타R 전용음료] 최고의 리저브 에스프레소 샷, 스팀 밀크 그리고 럼이 짙게 어우러진 스타벅스 리저브 만의 코르타도입니다.',3,'Rum Shot Cortado','럼 샷 코르타도\nRum Shot Cortado',7,NULL),(27,'2021-09-23 03:08:24.856','2021-09-23 03:08:24.856','리저브만을 위한 프리미엄 바닐라 빈 시럽이 부드럽게 어우러진 카페 라떼',3,'Vanilla Bean Latte','바닐라 빈 라떼\nVanilla Bean Latte',4,NULL),(28,'2021-09-23 03:08:25.747','2021-09-23 03:08:25.747','달콤한 흑당 시럽과 부드러운 풍미의 블론드 에스프레소!\n\n음료 위에 올라간 에스프레소 휘핑 크림은 커피의 풍미를 더욱 높여주고, 시나몬 파우더와 함께 어우러지는 블론드 라떼를 즐길 수 있습니다.',3,'Blonde Espresso Latte','블론드 에스프레소 라떼\nBlonde Espresso Latte',4,NULL),(29,'2021-09-23 03:08:26.246','2021-09-23 03:08:26.246','얼음과 같이 쉐이킹하여 차가워진 진한 리저브 에스프레소와 하우스 메이드 크림이 어우러진 달콤한 음료',3,'Shakerato Bianco Over Ice','사케라또 비안코 오버 아이스\nShakerato Bianco Over Ice',4,NULL),(30,'2021-09-23 03:08:27.238','2021-09-23 03:08:27.238','스타벅스의 다른 커피 음료보다 더욱 깊은 커피의 맛과 향에 깔끔한 무지방 우유와 부드러운 돌체 시럽이 들어간 음료로 달콤하고 진한 커피 라떼',3,'Starbucks Dolce Latte','스타벅스 돌체 라떼\nStarbucks Dolce Latte',4,NULL),(31,'2021-09-23 03:08:28.199','2021-09-23 03:08:28.199','진한 리저브 에스프레소 샷과 은은한 라벤더향이 고급스럽게 어우러진 부드럽고 세련된 풍미의 라벤더 카페 브레베',3,'Iced Lavender Cafe Breve','아이스 라벤더 카페 브레베\nIced Lavender Cafe Breve',4,NULL),(32,'2021-09-23 03:08:29.088','2021-09-23 03:08:29.088','리저브만을 위한 프리미엄 바닐라 빈 시럽이 부드럽게 어우러진 카페 라떼',3,'Iced Vanilla Bean Latte','아이스 바닐라 빈 라떼\nIced Vanilla Bean Latte',4,NULL),(33,'2021-09-23 03:08:29.981','2021-09-23 03:08:29.981','달콤한 흑당 시럽과 부드러운 풍미의 블론드 에스프레소!\n\n음료 위에 올라간 에스프레소 휘핑 크림은 커피의 풍미를 더욱 높여주고, 시나몬 파우더와 함께 어우러지는 블론드 라떼를 즐길 수 있습니다.',3,'Iced Blonde Espresso Latte','아이스 블론드 에스프레소 라떼\nIced Blonde Espresso Latte',4,NULL),(34,'2021-09-23 03:08:30.671','2021-09-23 03:08:30.671','스타벅스의 다른 커피 음료보다 더욱 깊은 커피의 맛과 향에 깔끔한 무지방 우유와 부드러운 돌체 시럽이 들어간 음료로 달콤하고 진한 커피 라떼',3,'Iced Starbucks Dolce Latte','아이스 스타벅스 돌체 라떼\nIced Starbucks Dolce Latte',4,NULL),(35,'2021-09-23 03:08:31.454','2021-09-23 03:08:31.454','풍부하고 진한 농도의 에스프레소가 시원한 우유와 얼음을 만나 고소함과 시원함을 즐길 수 있는 대표적인 커피 라떼',3,'Iced Caffe Latte','아이스 카페 라떼\nIced Caffe Latte',4,NULL),(36,'2021-09-23 03:08:32.438','2021-09-23 03:08:32.438','풍부하고 진한 에스프레소가 신선한 스팀 밀크를 만나 부드러워진 커피 위에 우유 거품을 살짝 얹은 대표적인 커피 라떼',3,'Caffe Latte','카페 라떼\nCaffe Latte',4,NULL),(37,'2021-09-23 03:08:33.452','2021-09-23 03:08:33.452','진한 초콜릿 모카 시럽과 풍부한 에스프레소를 신선한 우유 그리고 얼음과 섞어 휘핑크림으로 마무리한 음료로 진한 에스프레소와 초콜릿 맛이 어우러진 커피',3,'Iced Caffe Mocha','아이스 카페 모카\nIced Caffe Mocha',4,NULL),(38,'2021-09-23 03:08:34.321','2021-09-23 03:08:34.321','달콤하고 부드러운 화이트 초콜릿 시럽과 에스프레소를 신선한 우유 그리고 얼음과 섞어 휘핑크림으로 마무리한 음료로 달콤함과 강렬한 에스프레소가 부드럽게 어우러진 커피',3,'Iced White Chocolate Mocha','아이스 화이트 초콜릿 모카\nIced White Chocolate Mocha',4,NULL),(39,'2021-09-23 03:08:35.231','2021-09-23 03:08:35.231','진한 초콜릿 모카 시럽과 풍부한 에스프레소를 스팀 밀크와 섞어 휘핑크림으로 마무리한 음료로 진한 에스프레소와 초콜릿 맛이 어우러진 커피',3,'Caffe Mocha','카페 모카\nCaffe Mocha',4,NULL),(40,'2021-09-23 03:08:35.919','2021-09-23 03:08:35.919','달콤하고 부드러운 화이트 초콜릿 시럽과 에스프레소를 스팀 밀크와 섞어 휘핑크림으로 마무리한 음료로 달콤함과 강렬한 에스프레소가 부드럽게 어우러진 커피',3,'White Chocolate Mocha','화이트 초콜릿 모카\nWhite Chocolate Mocha',4,NULL),(41,'2021-09-23 03:08:36.716','2021-09-23 03:08:36.716','바닐라 플랫 화이트는 진하고 고소한 리스트레토 샷과 바닐라 시럽 그리고 스팀 밀크로 즐기는 진한 커피 라떼 입니다.',3,'Vanilla Flat White','바닐라 플랫 화이트\nVanilla Flat White',4,NULL),(42,'2021-09-23 03:08:37.765','2021-09-23 03:08:37.765','신선하게 제조된 더블 샷 믹스에 바닐라 시럽을 넣고 에스프레소 샷, 얼음이 어우러져 핸드 쉐이킹한 음료',3,'Vanilla Starbucks Double Shot','바닐라 스타벅스 더블 샷\nVanilla Starbucks Double Shot',NULL,NULL),(43,'2021-09-23 03:08:38.794','2021-09-23 03:08:38.794','블론드 에스프레소 2샷에 흑당 시럽과 바닐라 크림이 부드럽고 달콤하게 어우러진 마키아또 타입의 음료를 즐겨 보세요!',3,'Blonde Vanilla Double Shot Macchiato','블론드 바닐라 더블 샷 마키아또\nBlonde Vanilla Double Shot Macchiato',4,NULL),(44,'2021-09-23 03:08:39.799','2021-09-23 03:08:39.799','민트 잎과 쉐이킹한 리저브 에스프레소를\n바닐라 아이스크림에 부어 프레쉬함과\n달콤함이 조화롭게 퍼지는 리저브 만의 디저트 음료',3,'Shakerato Affogato','사케라또 아포가토\nShakerato Affogato',4,NULL),(45,'2021-09-23 03:08:40.863','2021-09-23 03:08:40.863','리저브 에스프레소에 상큼한 레몬과\n진저에일을 더해 청량감과 시트러스 풍미를\n가득 선사하는 커피 음료',3,'Sparkling Citrus Espresso','스파클링 시트러스 에스프레소\nSparkling Citrus Espresso',4,NULL),(46,'2021-09-23 03:08:41.904','2021-09-23 03:08:41.904','블론드 에스프레소 2샷에 흑당 시럽과 바닐라 크림이 부드럽고 달콤하게 어우러진 마키아또 타입의 음료를 즐겨 보세요!',3,'Iced Blonde Vanilla Double Shot Macchiato','아이스 블론드 바닐라 더블 샷 마키아또\nIced Blonde Vanilla Double Shot Macchiato',4,NULL),(47,'2021-09-23 03:08:43.091','2021-09-23 03:08:43.091','스타벅스 에스프레소는 향기로운 크레마 층과 바디 층, 하트 층으로 이루어져 있으며, 입안 가득히 커피와 달콤한 카라멜 향이 느껴지는 커피 음료',3,'Espresso','에스프레소\nEspresso',6,NULL),(48,'2021-09-23 03:08:44.106','2021-09-23 03:08:44.106','신선하게 제조된 더블 샷 믹스에 클래식 시럽을 넣고 에스프레소 샷, 얼음이 어우러져 핸드 쉐이킹한 음료',3,'Coffee Starbucks Double Shot','커피 스타벅스 더블 샷\nCoffee Starbucks Double Shot',NULL,NULL),(49,'2021-09-23 03:08:45.105','2021-09-23 03:08:45.105','[리저브R 매장 전용음료] 리저브 에스프레소 투 샷이 바닐라 아이스크림과 진하게 어우러진 정통 아포가토',3,'Classic Affogato','클래식 아포가토\nClassic Affogato',4,NULL),(50,'2021-09-23 03:08:46.172','2021-09-23 03:08:46.172','신선하게 제조된 더블 샷 믹스에 헤이즐넛 시럽을 넣고 에스프레소 샷, 얼음이 어우러져 핸드 쉐이킹한 음료',3,'Hazelnut Starbucks Double Shot','헤이즐넛 스타벅스 더블 샷\nHazelnut Starbucks Double Shot',NULL,NULL),(51,'2021-09-23 03:08:47.378','2021-09-23 03:08:47.378','가을나무의 계절의 변화를 표현한 음료\n글레이즈드의 새로운 프라푸치노 버전으로\n녹차 티라미수 느낌의 프라푸치노 음료',4,'Green Glazed Cream Frappuccino','그린 글레이즈드 크림 프라푸치노\nGreen Glazed Cream Frappuccino',4,NULL),(52,'2021-09-23 03:08:48.198','2021-09-23 03:08:48.198','리스트레토 에스프레소 2샷과 에스프레소 칩, 하프앤하프가 진하게 어우러진 커피의 기본에 충실한 프라푸치노',4,'Double Espresso Chip Frappuccino','더블 에스프레소 칩 프라푸치노\nDouble Espresso Chip Frappuccino',4,NULL),(53,'2021-09-23 03:08:49.173','2021-09-23 03:08:49.173','초콜릿과 커피가 어우러진 프라푸치노',4,'Mocha Frappuccino','모카 프라푸치노\nMocha Frappuccino',4,NULL),(54,'2021-09-23 03:08:50.058','2021-09-23 03:08:50.058','에스프레소 샷의 강렬함과 약간의 단맛이 어우러진 프라푸치노',4,'Espresso Frappuccino','에스프레소 프라푸치노\nEspresso Frappuccino',4,NULL),(55,'2021-09-23 03:08:50.981','2021-09-23 03:08:50.981','커피, 모카 소스, 진한 초콜릿 칩이 입안 가득 느껴지는 스타벅스에서만 맛볼 수 있는 프라푸치노',4,'Java Chip Frappuccino','자바 칩 프라푸치노\nJava Chip Frappuccino',4,NULL),(56,'2021-09-23 03:08:51.708','2021-09-23 03:08:51.708','카라멜과 커피가 어우러진 프라푸치노',4,'Caramel Frappuccino','카라멜 프라푸치노\nCaramel Frappuccino',4,NULL),(57,'2021-09-23 03:08:52.536','2021-09-23 03:08:52.536','화이트 초콜릿, 커피와 우유가 조화로운 프라푸치노',4,'White Chocolate Mocha Frappuccino','화이트 초콜릿 모카 프라푸치노\nWhite Chocolate Mocha Frappuccino',4,NULL),(58,'2021-09-23 03:08:53.545','2021-09-23 03:08:53.545','신선한 우유와 바닐라 시럽이 어우러진 크림 프라푸치노',4,'Vanilla Cream Frappuccino','바닐라 크림 프라푸치노\nVanilla Cream Frappuccino',4,NULL),(59,'2021-09-23 03:08:54.504','2021-09-23 03:08:54.504','[제주지역 한정음료] 제주 까망 라떼의 프라푸치노 버전으로\n쫄깃한 국내산 흑임자 떡과 블랙 소보로 토핑으로 컵빙수처럼\n먹는 음료. 고소한 국내산 흑임자와 쫄깃한 국내산 흑임자 떡,\n달콤한 블랙 소보로 토핑으로 제주의 돌 하르방 길을 느낄 수 있는 음료',4,'Jeju Black Sesame Cream Frappuccino','제주 까망 크림 프라푸치노\nJeju Black Sesame Cream Frappuccino',5,NULL),(60,'2021-09-23 03:08:55.520','2021-09-23 03:08:55.520','[제주지역 한정음료] 제주 쑥쑥 라떼의 시원한 버전으로\n쫄깃쫄깃한 국내산 흑임자 떡으로 씹는 재미를 즐길 수 있는 음료.',4,'Jeju Mugwort Cream Frappuccino','제주 쑥떡 크림 프라푸치노\nJeju Mugwort Cream Frappuccino',5,NULL),(61,'2021-09-23 03:08:56.533','2021-09-23 03:08:56.533','깊고 진한 말차 본연의 맛과 향을 시원하고 부드럽게 즐길 수 있는 프라푸치노',4,'Malcha Cream Frappuccino From Jeju Organic Farm','제주 유기농 말차로 만든 크림 프라푸치노\nMalcha Cream Frappuccino From Jeju Organic Farm',4,NULL),(62,'2021-09-23 03:08:57.409','2021-09-23 03:08:57.409','모카 소스와 진한 초콜릿 칩, 초콜릿 드리즐이 올라간 달콤한 크림 프라푸치노',4,'Chocolate Cream Chip Frappuccino','초콜릿 크림 칩 프라푸치노\nChocolate Cream Chip Frappuccino',4,NULL),(63,'2021-09-23 03:08:58.287','2021-09-23 03:08:58.287','밀크 쉐이크 같은 부드럽고 달콤한 바닐라 크림 프라푸치노에 깊은 풍미의 단맛을 가진 흑당시럽이 어우러져 용인에버랜드 백호의 줄무늬를 형상화한 부드럽고 달콤한 프라푸치노\n\n* 용인에버랜드R 매장에서만 판매하는 음료입니다',4,'White Tiger Frappuccino','화이트 타이거 프라푸치노\nWhite Tiger Frappuccino',5,NULL),(64,'2021-09-23 03:08:59.282','2021-09-23 03:08:59.282','망고 패션 프루트 주스와 블랙 티가 깔끔하게 어우러진 과일 블렌디드',5,'Mango Passion Fruit Blended','망고 패션 프루트 블렌디드\nMango Passion Fruit Blended',4,NULL),(65,'2021-09-23 03:09:00.011','2021-09-23 03:09:00.011','유산균이 살아있는 리얼 요거트와 풍성한 딸기 과육이\n더욱 상큼하게 어우러진 과일 요거트 블렌디드',5,'Strawberry Delight Yogurt Blended','딸기 딜라이트 요거트 블렌디드\nStrawberry Delight Yogurt Blended',4,NULL),(66,'2021-09-23 03:09:00.831','2021-09-23 03:09:00.831','(Grande Only) 인기 음료인 망고 패션후르츠 블렌디드에 신선한 바나나 1개가 통째로 들어간 달콤한 프라푸치노',5,'Mango Banana Blended','망고 바나나 블렌디드\nMango Banana Blended',5,NULL),(67,'2021-09-23 03:09:01.823','2021-09-23 03:09:01.823','입 안 가득 상쾌한 민트 초콜릿과\n부드러운 돌체 소스가 어우러진 초콜릿 블렌디드',5,'Mint Chocolate Chip Blended','민트 초콜릿 칩 블렌디드\nMint Chocolate Chip Blended',4,NULL),(68,'2021-09-23 03:09:02.816','2021-09-23 03:09:02.816','복숭아와 레몬, 말랑한 복숭아 젤리가 조화로운 과일 블렌디드',5,'Peach & Lemon Blended','피치 & 레몬 블렌디드\nPeach & Lemon Blended',4,NULL),(69,'2021-09-23 03:09:03.928','2021-09-23 03:09:03.928','진하게 우린 블랙 티와 상큼한 레모네이드를 더한 청량감 있는 음료입니다.\n목 넘김이 좋은 가벼운 탄산이 첨가되어 깔끔하게 즐길 수 있습니다.',6,'Black Tea Lemonade Starbucks Fizzio™','블랙 티 레모네이드 피지오\nBlack Tea Lemonade Starbucks Fizzio™',4,NULL),(70,'2021-09-23 03:09:04.932','2021-09-23 03:09:04.932','그린 빈 추출액이 들어간 라임 베이스에 건조된 라임 슬라이스를 넣고 스파클링한 시원하고 청량감 있는 음료입니다. (카페인이 함유된 탄산음료입니다)',6,'Cool Lime Starbucks Fizzio™','쿨 라임 피지오\nCool Lime Starbucks Fizzio™',4,NULL),(71,'2021-09-23 03:09:05.943','2021-09-23 03:09:05.943','꽃 향기와 달콤하고 상큼한 시트러스 향을 탄산과 함께 더욱 풍부하게 느끼고 싶으시다면 패션 티 레모네이드 피지오를 선택해 보세요! 언제 찾아도 기분이 좋아지는 훌륭한 음료입니다.',6,'Passion Tango Tea Lemonade Starbucks Fizzio™','패션 탱고 티 레모네이드 피지오\nPassion Tango Tea Lemonade Starbucks Fizzio™',4,NULL),(72,'2021-09-23 03:09:06.811','2021-09-23 03:09:06.811','가을길을 형상화한 음료!\n블랙 티와 애플 베이스로 차분하면서 가볍게 즐길 수 있는 티 음료',7,'Iced Autumn Road Apple Black Tea','아이스 오텀 로드 애플 블랙 티\nIced Autumn Road Apple Black Tea',4,NULL),(73,'2021-09-23 03:09:07.732','2021-09-23 03:09:07.732','[제주지역 한정음료] 겨울을 대표하는 제주 동백 꽃과 새콤달콤한 유스베리 티가 어우러져 입안 가득 동백꽃이 피어나는 듯한 기분 좋은 티 음료.',7,'Iced Jeju Camellia Tea','아이스 제주 카멜리아 티\nIced Jeju Camellia Tea',NULL,NULL),(74,'2021-09-23 03:09:08.480','2021-09-23 03:09:08.480','가을길을 형상화한 음료!\n블랙 티와 애플 베이스로 차분하면서 가볍게 즐길 수 있는 티 음료',7,'Autumn Road Apple Black Tea','오텀 로드 애플 블랙 티\nAutumn Road Apple Black Tea',4,NULL),(75,'2021-09-23 03:09:09.308','2021-09-23 03:09:09.308','[제주지역 한정음료] 겨울을 대표하는 제주 동백꽃과 새콤달콤한 유스베리 티가 어우러져 입안 가득 동백꽃이 피어나는 듯한 기분 좋은 티 음료.',7,'Jeju Camellia Tea','제주 카멜리아 티\nJeju Camellia Tea',NULL,NULL),(76,'2021-09-23 03:09:10.238','2021-09-23 03:09:10.238','새콤달콤한 히비스커스와 라임의 이국적인 조화가 매력적인 라임 패션 티',7,'Lime Passion Tea','라임 패션 티\nLime Passion Tea',4,NULL),(77,'2021-09-23 03:09:11.209','2021-09-23 03:09:11.209','스피어민트, 페퍼민트, 레몬머틀이 블렌딩된 상쾌한 허브 티',7,'Mint Blend Brewed Tea','민트 블렌드 티\nMint Blend Brewed Tea',4,NULL),(78,'2021-09-23 03:09:12.056','2021-09-23 03:09:12.056','임금님이 궁에서 즐겨 드시던 오미자차에\n스타벅스 유스베리와 한라봉의 달콤함을 더한 칵테일 스타일의 티',7,'Byulgoong Omija Youthberry Tea','별궁 오미자 유스베리 티\nByulgoong Omija Youthberry Tea',5,NULL),(79,'2021-09-23 03:09:12.772','2021-09-23 03:09:12.772','새콤달콤한 히비스커스와 라임의 이국적인 조화가 매력적인 라임 패션 티',7,'Iced Lime Passion Tea','아이스 라임 패션 티\nIced Lime Passion Tea',4,NULL),(80,'2021-09-23 03:09:13.520','2021-09-23 03:09:13.520','스피어민트, 페퍼민트, 레몬머틀이 블렌딩된 상쾌한 허브 티',7,'Iced Mint Blend Brewed Tea','아이스 민트 블렌드 티\nIced Mint Blend Brewed Tea',4,NULL),(81,'2021-09-23 03:09:14.243','2021-09-23 03:09:14.243','꽃향 가득한 라벤더와 베르가못 향이 진한 홍차와 블렌딩된 향긋한 블랙 티',7,'Iced Earl Grey Brewed Tea','아이스 얼 그레이 티\nIced Earl Grey Brewed Tea',4,NULL),(82,'2021-09-23 03:09:14.951','2021-09-23 03:09:14.951','제주산 유기농 찻잎으로 만든 황차에 사과, 망고, 파인애플, 히비스커스, 로즈힙 등이\n블렌딩되어 핑크빛 컬러가 감도는 수색과 베리류의 새콤함을 느낄 수 있는 옐로우 티',7,'Iced Youthberry™Brewed Tea','아이스 유스베리 티\nIced Youthberry™Brewed Tea',4,NULL),(83,'2021-09-23 03:09:15.672','2021-09-23 03:09:15.672','달콤한 유자와 알싸하고 은은한 진저와 상쾌한 민트 티가 조화로운 유자 민트 티',7,'Iced Yuja Mint Tea','아이스 유자 민트 티\nIced Yuja Mint Tea',4,NULL),(84,'2021-09-23 03:09:16.384','2021-09-23 03:09:16.384','인도 아삼, 제주도 유기농 홍차가 블렌딩되어 진한 벌꿀향과 그윽한 몰트향이 특징인 블랙 티',7,'Iced English Breakfast Brewed Tea','아이스 잉글리쉬 브렉퍼스트 티\nIced English Breakfast Brewed Tea',4,NULL),(85,'2021-09-23 03:09:17.093','2021-09-23 03:09:17.093','우수한 품질의 제주도 유기농 녹차로 만든 맑은 수색과 신선한 향, 맛이 뛰어난 녹차',7,'Iced Jeju Organic Green Tea','아이스 제주 유기 녹차\nIced Jeju Organic Green Tea',4,NULL),(86,'2021-09-23 03:09:17.801','2021-09-23 03:09:17.801','캐모마일과 레몬 그라스, 레몬밤, 히비스커스 등 블렌딩되어\n은은하고 차분한 향이 기분을 좋게하는 허브 티',7,'Iced Chamomile Blend Brewed Tea','아이스 캐모마일 블렌드 티\nIced Chamomile Blend Brewed Tea',4,NULL),(87,'2021-09-23 03:09:18.744','2021-09-23 03:09:18.744','히비스커스, 사과, 파파야, 망고, 레몬그라스 등이 블렌딩된 상큼한 허브 티',7,'Iced Hibiscus Blend Brewed Tea','아이스 히비스커스 블렌드 티\nIced Hibiscus Blend Brewed Tea',4,NULL),(88,'2021-09-23 03:09:19.464','2021-09-23 03:09:19.464','꽃향 가득한 라벤더와 베르가못 향이 진한 홍차와 블렌딩된 향긋한 블랙 티',7,'Earl Grey Brewed Tea','얼 그레이 티\nEarl Grey Brewed Tea',4,NULL),(89,'2021-09-23 03:09:20.191','2021-09-23 03:09:20.191','제주산 유기농 찻잎으로 만든 황차에 사과, 망고, 파인애플, 히비스커스, 로즈힙 등이\n블렌딩되어 핑크빛 컬러가 감도는 수색과 베리류의 새콤함을 느낄 수 있는 옐로우 티',7,'Youthberry™Brewed Tea','유스베리 티\nYouthberry™Brewed Tea',4,NULL),(90,'2021-09-23 03:09:20.906','2021-09-23 03:09:20.906','달콤한 유자와 알싸하고 은은한 진저,\n우릴 수록 상쾌한 민트 티가 조화로운 유자 민트 티',7,'Yuja Mint Tea','유자 민트 티\nYuja Mint Tea',4,NULL),(91,'2021-09-23 03:09:21.646','2021-09-23 03:09:21.646','인도 아삼, 제주도 유기농 홍차가 블렌딩되어 진한 벌꿀향과 그윽한 몰트향이 특징인 블랙 티',7,'English Breakfast Brewed Tea','잉글리쉬 브렉퍼스트 티\nEnglish Breakfast Brewed Tea',4,NULL),(92,'2021-09-23 03:09:22.407','2021-09-23 03:09:22.407','새콤한 자몽과 달콤한 꿀이 깊고 그윽한 풍미의 스타벅스 티바나 블랙 티의 조화',7,'Grapefruit Honey Black Tea','자몽 허니 블랙 티\nGrapefruit Honey Black Tea',4,NULL),(93,'2021-09-23 03:09:23.135','2021-09-23 03:09:23.135','우수한 품질의 제주도 유기농 녹차로 만든 맑은 수색과 신선한 향, 맛이 뛰어난 녹차',7,'Jeju Organic Green Tea','제주 유기 녹차\nJeju Organic Green Tea',4,NULL),(94,'2021-09-23 03:09:23.897','2021-09-23 03:09:23.897','캐모마일과 레몬 그라스, 레몬밤, 히비스커스 등 블렌딩되어\n은은하고 차분한 향이 기분을 좋게하는 허브 티',7,'Chamomile Blend Brewed Tea','캐모마일 블렌드 티\nChamomile Blend Brewed Tea',4,NULL),(95,'2021-09-23 03:09:24.645','2021-09-23 03:09:24.645','달콤새콤 패션 프루트와 티바나 패션탱고 티의 완벽한 조화와\n패션 프루트 씨앗으로 씹는 재미까지 느낄 수 있는 티 음료',7,'Passion Fruit Tea','패션 프루트 티\nPassion Fruit Tea',4,NULL),(96,'2021-09-23 03:09:25.437','2021-09-23 03:09:25.437','히비스커스, 사과, 파파야, 망고, 레몬그라스 등이 블렌딩된 상큼한 허브 티',7,'Hibiscus Blend Brewed Tea','히비스커스 블렌드 티\nHibiscus Blend Brewed Tea',4,NULL),(97,'2021-09-23 03:09:26.166','2021-09-23 03:09:26.166','임금님이 궁에서 즐겨 드시던 오미자차에\n스타벅스 유스베리와 한라봉의 달콤함을 더한 칵테일 스타일의 티',7,'Iced Byulgoong Omija Youthberry Tea','아이스 별궁 오미자 유스베리 티\nIced Byulgoong Omija Youthberry Tea',5,NULL),(98,'2021-09-23 03:09:26.861','2021-09-23 03:09:26.861','달콤 쌉싸름한 유자와 새콤한 유스베리가 만나 상큼함과\n은은한 티의 풍미를 함께 즐길 수 있는 음료',7,'Iced Yuja & Youthberry Tea','아이스 유자 & 유스베리 티\nIced Yuja & Youthberry Tea',4,NULL),(99,'2021-09-23 03:09:27.545','2021-09-23 03:09:27.545','새콤한 자몽과 달콤한 꿀이 깊고 그윽한 풍미의 스타벅스 티바나 블랙 티의 조화',7,'Iced Grapefruit Honey Black Tea','아이스 자몽 허니 블랙 티\nIced Grapefruit Honey Black Tea',4,NULL),(100,'2021-09-23 03:09:28.234','2021-09-23 03:09:28.234','달콤새콤 패션 프루트와 티바나 패션탱고 티의 완벽한 조화와\n패션 프루트 씨앗으로 씹는 재미까지 느낄 수 있는 티 음료',7,'Iced Passion Fruit Tea','아이스 패션 프루트 티\nIced Passion Fruit Tea',4,NULL),(101,'2021-09-23 03:09:28.921','2021-09-23 03:09:28.921','상큼한 청귤과 탱글탱글한 한라봉 젤리로\n티바나 민트 티를 더욱 청량하게 즐길 수 있는 칵테일 티',7,'Iced Green Tangerine Mint Tea','아이스 푸를 청귤 민트 티\nIced Green Tangerine Mint Tea',5,NULL),(102,'2021-09-23 03:09:29.631','2021-09-23 03:09:29.631','달콤 쌉싸름한 유자와 새콤한 유스베리가 만나 상큼함과\n은은한 티의 풍미를 함께 즐길 수 있는 음료',7,'Yuja & Youthberry Tea','유자 & 유스베리 티\nYuja & Youthberry Tea',4,NULL),(103,'2021-09-23 03:09:30.342','2021-09-23 03:09:30.342','진한 홍차에 부드러운 우유와 연유 시럽으로 향긋하고\n달콤하게 맛을 낸 스타벅스만의 돌체 블랙 밀크 티',7,'Dolce Black Milk Tea','돌체 블랙 밀크 티\nDolce Black Milk Tea',4,NULL),(104,'2021-09-23 03:09:31.042','2021-09-23 03:09:31.042','진한 홍차에 부드러운 우유와 연유 시럽으로 향긋하고\n달콤하게 맛을 낸 스타벅스만의 돌체 블랙 밀크 티',7,'Iced Dolce Black Milk Tea','아이스 돌체 블랙 밀크 티\nIced Dolce Black Milk Tea',4,NULL),(105,'2021-09-23 03:09:31.746','2021-09-23 03:09:31.746','차광재배한 어린 녹찻잎을 곱게 갈아 깊고 진한 말차 본연의 맛과 향을\n부드럽게 즐길 수 있는 제주 유기농 말차로 만든 라떼',7,'Iced Malcha Latte from Jeju Organic farm','아이스 제주 유기농 말차로 만든 라떼\nIced Malcha Latte from Jeju Organic farm',4,NULL),(106,'2021-09-23 03:09:32.461','2021-09-23 03:09:32.461','스파이시한 향과 독특한 계피향, 달콤한 차이로 만든 부드러운 티 라떼',7,'Iced Chai Tea Latte','아이스 차이 티 라떼\nIced Chai Tea Latte',4,NULL),(107,'2021-09-23 03:09:33.157','2021-09-23 03:09:33.157','고소한 풍미를 지닌 콩고물에 블랙 티가 어우러진\n한국적인 밀크 티로 차와 과자를 의미하는\n다과상을 한 잔에 담은 음료',7,'Iced Kongomul Black Milk Tea','아이스 콩고물 블랙 밀크 티\nIced Kongomul Black Milk Tea',5,NULL),(108,'2021-09-23 03:09:33.887','2021-09-23 03:09:33.887','차광재배한 어린 녹찻잎을 곱게 갈아 깊고 진한 말차 본연의 맛과 향을\n부드럽게 즐길 수 있는 제주 유기농 말차로 만든 라떼',7,'Malcha Latte from Jeju Organic farm','제주 유기농 말차로 만든 라떼\nMalcha Latte from Jeju Organic farm',4,NULL),(109,'2021-09-23 03:09:34.736','2021-09-23 03:09:34.736','스파이시한 향과 독특한 계피향, 달콤한 차이로 만든 부드러운 티 라떼',7,'Chai Tea Latte','차이 티 라떼\nChai Tea Latte',4,NULL),(110,'2021-09-23 03:09:35.485','2021-09-23 03:09:35.485','고소한 풍미를 지닌 콩고물에 블랙 티가 어우러진\n한국적인 밀크 티로 차와 과자를 의미하는\n다과상을 한 잔에 담은 음료',7,'Kongomul Black Milk Tea','콩고물 블랙 밀크 티\nKongomul Black Milk Tea',5,NULL),(111,'2021-09-23 03:09:36.259','2021-09-23 03:09:36.259','[제주지역 한정음료] 한라산 백록담의 눈꽃이 피어나는 호수를 표현한 음료. 푸른 백년초베이스와 열대과일(망고스틴)로 만든 스노우화이트폼이 눈꽃처럼 피어나는 음료.',8,'Jeju Snowing Baengnokdam','제주 스노잉 백록담\nJeju Snowing Baengnokdam',NULL,NULL),(112,'2021-09-23 03:09:36.983','2021-09-23 03:09:36.983','깊고 진한 초콜릿과 부드러운 휘핑크림이 입안에서 사르르 녹는 프리미엄 초콜릿 음료',8,'Signature Hot Chocolate','시그니처 핫 초콜릿\nSignature Hot Chocolate',4,NULL),(113,'2021-09-23 03:09:37.683','2021-09-23 03:09:37.683','깊고 진한 초콜릿과 부드러운 휘핑크림이 입안에서 사르르 녹는 프리미엄 초콜릿 음료',8,'Iced Signature Chocolate','아이스 시그니처 초콜릿\nIced Signature Chocolate',4,NULL),(114,'2021-09-23 03:09:38.437','2021-09-23 03:09:38.437','고소한 헤이즐넛과 진한 초콜릿의 만남,\n귀여운 판다까지 더해진 플러피 판다 아이스 초콜릿!\n\n* 용인에버랜드R 매장에서만 판매하는 음료입니다',8,'Fluffy Panda Iced Chocolate','플러피 판다 아이스 초콜릿\nFluffy Panda Iced Chocolate',5,NULL),(115,'2021-09-23 03:09:39.217','2021-09-23 03:09:39.217','고소한 헤이즐넛과 진한 핫초콜릿의 만남,\n귀여운 판다까지 더해진 플러피 판다 핫 초콜릿!\n\n* 용인에버랜드R 매장에서만 판매하는 음료입니다',8,'Fluffy Panda Hot Chocolate','플러피 판다 핫 초콜릿\nFluffy Panda Hot Chocolate',5,NULL),(116,'2021-09-23 03:09:39.955','2021-09-23 03:09:39.955','[더종로R, 청담스타R 전용음료] 오렌지의 상큼함과 리저브 콜드 브루 샷이 상쾌하게 느껴지는 리프레쉬 음료입니다.',8,'Lime Floater with Reserve CB Shot','라임 플로터 위드 리저브 CB 샷\nLime Floater with Reserve CB Shot',5,NULL),(117,'2021-09-23 03:09:40.753','2021-09-23 03:09:40.753','스트로베리와 아사이베리의 상큼, 달콤한 맛이 톡톡!\n시원하고 통쾌한 그랜드 슬램을 위한 에너지 부스팅 음료~!\n\n* SSG랜더스필드 매장에서만 판매하는 음료입니다.',8,'Starbucks Slammer','스타벅스 슬래머\nStarbucks Slammer',5,NULL),(118,'2021-09-23 03:09:41.455','2021-09-23 03:09:41.455','부드럽고 담백한 따뜻한 우유.',8,'Steamed Milk','스팀 우유\nSteamed Milk',4,NULL),(119,'2021-09-23 03:09:42.128','2021-09-23 03:09:42.128','[제주지역 한정음료] 제주도의 돌담길과 하르방의 풍경을\n느낄 수 있는 음료로 고소한 흑임자와 달콤한 소보로 토핑으로\n시원하게 누구나 즐길 수 있는 음료',8,'Iced Jeju Black Sesame Latte','아이스 제주 까망 라떼\nIced Jeju Black Sesame Latte',5,NULL),(120,'2021-09-23 03:09:42.849','2021-09-23 03:09:42.849','[더종로R, 청담스타R 전용음료] 라임, 민트 그리고 리저브 콜드 브루 샷으로 스타벅스 리저브만의 색깔로 변주한 모히토 음료입니다.',8,'Orange Floater with Reserve CB shot','오렌지 플로터 위드 리저브 CB 샷\nOrange Floater with Reserve CB shot',5,NULL),(121,'2021-09-23 03:09:43.530','2021-09-23 03:09:43.530','부드럽고 담백한 신선한 우유.',8,'Milk','우유\nMilk',4,NULL),(122,'2021-09-23 03:09:44.199','2021-09-23 03:09:44.199','[제주지역 한정음료] 제주도의 돌담길과 하르방의 풍경을\n느낄 수 있는 음료로 고소한 흑임자와 달콤한 소보로 토핑으로\n누구나 즐길 수 있는 음료',8,'Jeju Black Sesame Latte','제주 까망 라떼\nJeju Black Sesame Latte',5,NULL),(123,'2021-09-23 03:09:45.036','2021-09-23 03:09:45.036','[제주지역 한정음료] 제주의 푸릇푸릇한 쑥 향을 느끼며\n건강과 힐링을 즐기는 음료로 제주의 오름길을 상징하는 음료.',8,'Jeju Mugwort Latte','제주 쑥쑥 라떼\nJeju Mugwort Latte',5,NULL),(124,'2021-09-23 03:09:45.733','2021-09-23 03:09:45.733','비타민C를 채워주는 라임 레몬 주스\n(비타민C 일일 권장 섭취량 함유)',9,'Lime & Lemon','기운내라임 190ML\nLime & Lemon',NULL,NULL),(125,'2021-09-23 03:09:46.415','2021-09-23 03:09:46.415','비타민C로 상큼해지는 청귤 유자 주스\n(비타민C 일일 권장 섭취량 함유)',9,'Green Tangerine & Yuja','파이팅 청귤 190ML\nGreen Tangerine & Yuja',NULL,NULL),(126,'2021-09-23 03:09:47.114','2021-09-23 03:09:47.114','자연의 맛 그대로 느낄 수 있는 감귤 당근 주스\n(비타민B 함유)',9,'Tangerine & Carrot','한방에 쭉 감당 190ML\nTangerine & Carrot',NULL,NULL),(127,'2021-09-23 03:09:47.822','2021-09-23 03:09:47.822','검은깨, 흑미, 검은콩으로 든든한 블랙 곡물로\n식사 대용은 물론 비타민D까지 채울 수 있는 음료',9,'Black Food Beverage','도와줘 흑흑 190ML\nBlack Food Beverage',NULL,NULL),(128,'2021-09-23 03:09:48.557','2021-09-23 03:09:48.557','달콤한 국내산 딸기의 과육이 듬뿍 느껴지는 주스',9,'Strawberry Juice 190ML','딸기주스 190ML\nStrawberry Juice 190ML',NULL,NULL),(129,'2021-09-23 03:09:49.254','2021-09-23 03:09:49.254','노랗게 익은 열대과일 망고가 입안 가득 느껴지는 주스',9,'Mango Juice 190ML','망고주스 190ML\nMango Juice 190ML',NULL,NULL),(130,'2021-09-23 03:09:49.985','2021-09-23 03:09:49.985','수박의 시원함과 달콤함이 풍성하게 느껴지는 주스',9,'Watermelon Juice 190ML','수박주스 190ML\nWatermelon Juice 190ML',NULL,NULL),(131,'2021-09-23 03:09:50.692','2021-09-23 03:09:50.692','국내산 케일과 사과의 달콤함이 조화로운 녹색 주스',9,'Kale&Apple Juice 190ML','케일&사과주스 190ML\nKale&Apple Juice 190ML',NULL,NULL),(132,'2021-09-23 03:09:51.457','2021-09-23 03:09:51.457','국내산 토마토의 풍성한 과육이 듬뿍 담겨있는 주스',9,'Tomato Juice 190ML','토마토주스 190ML\nTomato Juice 190ML',NULL,NULL),(133,'2021-09-23 03:09:52.363','2021-09-23 03:09:52.363','루테인과 안토시아닌을 한 병에 담은 빌베리 주스',9,'Bilberry','퍼플베리 굿 190ML\nBilberry',NULL,NULL),(134,'2021-09-23 03:09:53.146','2021-09-23 03:09:53.146','새콤달콤한 황금빛 제주 한라봉을 그대로 담아낸 주스',9,'Hallabong Juice 190ML','한라봉주스 190ML\nHallabong Juice 190ML',NULL,NULL),(135,'2021-09-23 03:09:53.859','2021-09-23 03:09:53.859','달콤새콤한 햇사과 1개 반을 껍질 그대로 착즙한 사과 주스',9,'Newly Harvested Apple Juice 190ML','햇사과 주스 190ML\nNewly Harvested Apple Juice 190ML',NULL,NULL),(136,'2021-09-23 03:09:54.585','2021-09-23 03:09:54.585','블루베리 과육이 입안 가득 느껴지는 마시는 요거트',9,'Blueberry Yogurt 190ML','블루베리 요거트 190ML\nBlueberry Yogurt 190ML',NULL,NULL),(137,'2021-09-23 03:09:55.299','2021-09-23 03:09:55.299','톡톡 터지는 치아 씨드가 입안 가득 느껴지는 마시는 요거트',9,'Chiaseed Yogurt 190ML','치아씨드 요거트 190ML\nChiaseed Yogurt 190ML',NULL,NULL);
/*!40000 ALTER TABLE `coffees` ENABLE KEYS */;
UNLOCK TABLES;

--
-- Table structure for table `coffees_likes`
--

DROP TABLE IF EXISTS `coffees_likes`;
/*!40101 SET @saved_cs_client     = @@character_set_client */;
/*!50503 SET character_set_client = utf8mb4 */;
CREATE TABLE `coffees_likes` (
  `id` int NOT NULL AUTO_INCREMENT,
  `userId` int DEFAULT NULL,
  `coffees_id` int DEFAULT NULL,
  PRIMARY KEY (`id`),
  UNIQUE KEY `coffees_likes_userId_coffees_id_key` (`userId`,`coffees_id`),
  KEY `coffees_likes_coffees_id_fkey` (`coffees_id`),
  CONSTRAINT `coffees_likes_coffees_id_fkey` FOREIGN KEY (`coffees_id`) REFERENCES `coffees` (`id`) ON DELETE SET NULL ON UPDATE CASCADE,
  CONSTRAINT `coffees_likes_userId_fkey` FOREIGN KEY (`userId`) REFERENCES `users` (`id`) ON DELETE SET NULL ON UPDATE CASCADE
) ENGINE=InnoDB DEFAULT CHARSET=utf8mb4 COLLATE=utf8mb4_unicode_ci;
/*!40101 SET character_set_client = @saved_cs_client */;

--
-- Dumping data for table `coffees_likes`
--

LOCK TABLES `coffees_likes` WRITE;
/*!40000 ALTER TABLE `coffees_likes` DISABLE KEYS */;
/*!40000 ALTER TABLE `coffees_likes` ENABLE KEYS */;
UNLOCK TABLES;

--
-- Table structure for table `comments`
--

DROP TABLE IF EXISTS `comments`;
/*!40101 SET @saved_cs_client     = @@character_set_client */;
/*!50503 SET character_set_client = utf8mb4 */;
CREATE TABLE `comments` (
  `id` int NOT NULL AUTO_INCREMENT,
  `created_at` datetime(3) NOT NULL DEFAULT CURRENT_TIMESTAMP(3),
  `updated_at` datetime(3) NOT NULL DEFAULT CURRENT_TIMESTAMP(3),
  `description` varchar(191) COLLATE utf8mb4_unicode_ci NOT NULL,
  `users_id` int NOT NULL,
  PRIMARY KEY (`id`)
) ENGINE=InnoDB DEFAULT CHARSET=utf8mb4 COLLATE=utf8mb4_unicode_ci;
/*!40101 SET character_set_client = @saved_cs_client */;

--
-- Dumping data for table `comments`
--

LOCK TABLES `comments` WRITE;
/*!40000 ALTER TABLE `comments` DISABLE KEYS */;
/*!40000 ALTER TABLE `comments` ENABLE KEYS */;
UNLOCK TABLES;

--
-- Table structure for table `comments_likes`
--

DROP TABLE IF EXISTS `comments_likes`;
/*!40101 SET @saved_cs_client     = @@character_set_client */;
/*!50503 SET character_set_client = utf8mb4 */;
CREATE TABLE `comments_likes` (
  `id` int NOT NULL AUTO_INCREMENT,
  `users_id` int DEFAULT NULL,
  `comments_id` int DEFAULT NULL,
  PRIMARY KEY (`id`),
  UNIQUE KEY `comments_likes_users_id_comments_id_key` (`users_id`,`comments_id`),
  KEY `comments_likes_comments_id_fkey` (`comments_id`),
  CONSTRAINT `comments_likes_comments_id_fkey` FOREIGN KEY (`comments_id`) REFERENCES `comments` (`id`) ON DELETE SET NULL ON UPDATE CASCADE,
  CONSTRAINT `comments_likes_users_id_fkey` FOREIGN KEY (`users_id`) REFERENCES `users` (`id`) ON DELETE SET NULL ON UPDATE CASCADE
) ENGINE=InnoDB DEFAULT CHARSET=utf8mb4 COLLATE=utf8mb4_unicode_ci;
/*!40101 SET character_set_client = @saved_cs_client */;

--
-- Dumping data for table `comments_likes`
--

LOCK TABLES `comments_likes` WRITE;
/*!40000 ALTER TABLE `comments_likes` DISABLE KEYS */;
/*!40000 ALTER TABLE `comments_likes` ENABLE KEYS */;
UNLOCK TABLES;

--
-- Table structure for table `images`
--

DROP TABLE IF EXISTS `images`;
/*!40101 SET @saved_cs_client     = @@character_set_client */;
/*!50503 SET character_set_client = utf8mb4 */;
CREATE TABLE `images` (
  `id` int NOT NULL AUTO_INCREMENT,
  `main_id` int DEFAULT NULL,
  `created_at` datetime(3) NOT NULL DEFAULT CURRENT_TIMESTAMP(3),
  `updated_at` datetime(3) NOT NULL DEFAULT CURRENT_TIMESTAMP(3),
  `src` varchar(191) COLLATE utf8mb4_unicode_ci NOT NULL,
  `coffees_id` int NOT NULL,
  PRIMARY KEY (`id`),
  KEY `images_coffees_id_fkey` (`coffees_id`),
  CONSTRAINT `images_coffees_id_fkey` FOREIGN KEY (`coffees_id`) REFERENCES `coffees` (`id`) ON DELETE CASCADE ON UPDATE CASCADE
) ENGINE=InnoDB AUTO_INCREMENT=148 DEFAULT CHARSET=utf8mb4 COLLATE=utf8mb4_unicode_ci;
/*!40101 SET character_set_client = @saved_cs_client */;

--
-- Dumping data for table `images`
--

LOCK TABLES `images` WRITE;
/*!40000 ALTER TABLE `images` DISABLE KEYS */;
INSERT INTO `images` VALUES (1,NULL,'2021-09-23 11:59:58.565','2021-09-23 11:59:58.565','https://image.istarbucks.co.kr/upload/store/skuimg/2021/08/[9200000003661]_20210819094346334.jpg',1),(2,NULL,'2021-09-23 11:59:59.459','2021-09-23 11:59:59.459','https://image.istarbucks.co.kr/upload/store/skuimg/2021/04/[9200000002487]_20210426091745609.jpg',2),(3,NULL,'2021-09-23 12:01:50.094','2021-09-23 12:01:50.094','https://image.istarbucks.co.kr/upload/store/skuimg/2021/08/[9200000003661]_20210819094346334.jpg',1),(4,NULL,'2021-09-23 12:01:50.961','2021-09-23 12:01:50.961','https://image.istarbucks.co.kr/upload/store/skuimg/2021/04/[9200000002487]_20210426091745609.jpg',2),(5,NULL,'2021-09-23 12:04:05.427','2021-09-23 12:04:05.427','https://image.istarbucks.co.kr/upload/store/skuimg/2021/08/[9200000003661]_20210819094346334.jpg',1),(6,NULL,'2021-09-23 12:04:06.090','2021-09-23 12:04:06.090','https://image.istarbucks.co.kr/upload/store/skuimg/2021/04/[9200000002487]_20210426091745609.jpg',2),(7,NULL,'2021-09-23 12:04:41.687','2021-09-23 12:04:41.687','https://image.istarbucks.co.kr/upload/store/skuimg/2021/08/[9200000003661]_20210819094346334.jpg',1),(8,NULL,'2021-09-23 12:04:42.402','2021-09-23 12:04:42.402','https://image.istarbucks.co.kr/upload/store/skuimg/2021/04/[9200000002487]_20210426091745609.jpg',2),(9,NULL,'2021-09-23 12:05:19.390','2021-09-23 12:05:19.390','https://image.istarbucks.co.kr/upload/store/skuimg/2021/08/[9200000003661]_20210819094346334.jpg',1),(10,NULL,'2021-09-23 12:05:21.388','2021-09-23 12:05:21.388','https://image.istarbucks.co.kr/upload/store/skuimg/2021/04/[9200000002487]_20210426091745609.jpg',2),(11,NULL,'2021-09-23 12:08:02.908','2021-09-23 12:08:02.908','https://image.istarbucks.co.kr/upload/store/skuimg/2021/08/[9200000003661]_20210819094346334.jpg',1),(12,NULL,'2021-09-23 12:08:03.812','2021-09-23 12:08:03.812','https://image.istarbucks.co.kr/upload/store/skuimg/2021/04/[9200000002487]_20210426091745609.jpg',2),(13,NULL,'2021-09-23 12:08:04.469','2021-09-23 12:08:04.469','https://image.istarbucks.co.kr/upload/store/skuimg/2021/04/[9200000000479]_20210426091844065.jpg',3),(14,NULL,'2021-09-23 12:08:05.237','2021-09-23 12:08:05.237','https://image.istarbucks.co.kr/upload/store/skuimg/2021/04/[9200000002081]_20210415133657016.jpg',4),(15,NULL,'2021-09-23 12:08:06.288','2021-09-23 12:08:06.288','https://image.istarbucks.co.kr/upload/store/skuimg/2021/04/[9200000000487]_20210430112319174.jpg',5),(16,NULL,'2021-09-23 12:08:07.310','2021-09-23 12:08:07.310','https://image.istarbucks.co.kr/upload/store/skuimg/2021/03/[9200000003509]_20210322093452556.jpg',6),(17,NULL,'2021-09-23 12:08:08.260','2021-09-23 12:08:08.260','https://image.istarbucks.co.kr/upload/store/skuimg/2020/09/[9200000002672]_20200921171223958.jpg',7),(18,NULL,'2021-09-23 12:08:09.347','2021-09-23 12:08:09.347','https://image.istarbucks.co.kr/upload/store/skuimg/2021/04/[9200000000038]_20210430113202595.jpg',8),(19,NULL,'2021-09-23 12:08:10.166','2021-09-23 12:08:10.166','https://image.istarbucks.co.kr/upload/store/skuimg/2021/02/[9200000001636]_20210225093600541.jpg',9),(20,NULL,'2021-09-23 12:08:11.111','2021-09-23 12:08:11.111','https://image.istarbucks.co.kr/upload/store/skuimg/2021/04/[9200000003285]_20210416154437226.jpg',10),(21,NULL,'2021-09-23 12:08:11.862','2021-09-23 12:08:11.862','https://image.istarbucks.co.kr/upload/store/skuimg/2021/02/[9200000001635]_20210225092236754.jpg',11),(22,NULL,'2021-09-23 12:08:12.642','2021-09-23 12:08:12.642','https://image.istarbucks.co.kr/upload/store/skuimg/2021/03/[9200000003507]_20210322093414448.jpg',12),(23,NULL,'2021-09-23 12:08:13.588','2021-09-23 12:08:13.588','https://image.istarbucks.co.kr/upload/store/skuimg/2021/04/[106509]_20210430111852999.jpg',13),(24,NULL,'2021-09-23 12:08:14.225','2021-09-23 12:08:14.225','https://image.istarbucks.co.kr/upload/store/skuimg/2021/04/[2]_20210430111934246.jpg',14),(25,NULL,'2021-09-23 12:08:15.246','2021-09-23 12:08:15.246','https://image.istarbucks.co.kr/upload/store/skuimg/2021/08/[9200000002259]_20210830123958813.jpg',15),(26,NULL,'2021-09-23 12:08:15.960','2021-09-23 12:08:15.960','https://image.istarbucks.co.kr/upload/store/skuimg/2021/08/[9200000002262]_20210830124044342.jpg',16),(27,NULL,'2021-09-23 12:08:16.780','2021-09-23 12:08:16.780','https://image.istarbucks.co.kr/upload/store/skuimg/2021/04/[30]_20210415144252425.jpg',17),(28,NULL,'2021-09-23 12:08:17.748','2021-09-23 12:08:17.748','https://image.istarbucks.co.kr/upload/store/skuimg/2021/04/[25]_20210415144211354.jpg',18),(29,NULL,'2021-09-23 12:08:18.410','2021-09-23 12:08:18.410','https://image.istarbucks.co.kr/upload/store/skuimg/2021/04/[110563]_20210426095937947.jpg',19),(30,NULL,'2021-09-23 12:08:19.090','2021-09-23 12:08:19.090','https://image.istarbucks.co.kr/upload/store/skuimg/2021/04/[94]_20210430103337157.jpg',20),(31,NULL,'2021-09-23 12:08:19.976','2021-09-23 12:08:19.976','https://image.istarbucks.co.kr/upload/store/skuimg/2021/04/[110582]_20210415142706229.jpg',21),(32,NULL,'2021-09-23 12:08:20.945','2021-09-23 12:08:20.945','https://image.istarbucks.co.kr/upload/store/skuimg/2021/04/[126197]_20210415154610012.jpg',22),(33,NULL,'2021-09-23 12:08:21.914','2021-09-23 12:08:21.914','https://image.istarbucks.co.kr/upload/store/skuimg/2021/04/[110601]_20210415143400922.jpg',23),(34,NULL,'2021-09-23 12:08:22.751','2021-09-23 12:08:22.751','https://image.istarbucks.co.kr/upload/store/skuimg/2021/04/[38]_20210415154821991.jpg',24),(35,NULL,'2021-09-23 12:08:23.632','2021-09-23 12:08:23.632','https://image.istarbucks.co.kr/upload/store/skuimg/2021/02/[9200000000432]_20210225090321799.jpg',25),(36,NULL,'2021-09-23 12:08:24.351','2021-09-23 12:08:24.351','https://image.istarbucks.co.kr/upload/store/skuimg/2021/02/[9200000001086]_20210225090838935.jpg',26),(37,NULL,'2021-09-23 12:08:24.858','2021-09-23 12:08:24.858','https://image.istarbucks.co.kr/upload/store/skuimg/2021/02/[9200000001939]_20210225094313320.jpg',27),(38,NULL,'2021-09-23 12:08:25.750','2021-09-23 12:08:25.750','https://image.istarbucks.co.kr/upload/store/skuimg/2021/04/[9200000003481]_20210429173035764.jpg',28),(39,NULL,'2021-09-23 12:08:26.249','2021-09-23 12:08:26.249','https://image.istarbucks.co.kr/upload/store/skuimg/2021/02/[9200000002095]_20210225095033388.jpg',29),(40,NULL,'2021-09-23 12:08:27.240','2021-09-23 12:08:27.240','https://image.istarbucks.co.kr/upload/store/skuimg/2021/04/[128692]_20210426091933798.jpg',30),(41,NULL,'2021-09-23 12:08:28.202','2021-09-23 12:08:28.202','https://image.istarbucks.co.kr/upload/store/skuimg/2021/02/[9200000000433]_20210225090722574.jpg',31),(42,NULL,'2021-09-23 12:08:29.090','2021-09-23 12:08:29.090','https://image.istarbucks.co.kr/upload/store/skuimg/2021/02/[9200000001941]_20210225094346658.jpg',32),(43,NULL,'2021-09-23 12:08:29.983','2021-09-23 12:08:29.983','https://image.istarbucks.co.kr/upload/store/skuimg/2021/04/[9200000003484]_20210429173125217.jpg',33),(44,NULL,'2021-09-23 12:08:30.673','2021-09-23 12:08:30.673','https://image.istarbucks.co.kr/upload/store/skuimg/2021/04/[128695]_20210426092032110.jpg',34),(45,NULL,'2021-09-23 12:08:31.457','2021-09-23 12:08:31.457','https://image.istarbucks.co.kr/upload/store/skuimg/2021/04/[110569]_20210415143036138.jpg',35),(46,NULL,'2021-09-23 12:08:32.441','2021-09-23 12:08:32.441','https://image.istarbucks.co.kr/upload/store/skuimg/2021/04/[41]_20210415133833879.jpg',36),(47,NULL,'2021-09-23 12:08:33.455','2021-09-23 12:08:33.455','https://image.istarbucks.co.kr/upload/store/skuimg/2021/04/[110566]_20210415134334432.jpg',37),(48,NULL,'2021-09-23 12:08:34.324','2021-09-23 12:08:34.324','https://image.istarbucks.co.kr/upload/store/skuimg/2021/04/[110572]_20210415155545520.jpg',38),(49,NULL,'2021-09-23 12:08:35.234','2021-09-23 12:08:35.234','https://image.istarbucks.co.kr/upload/store/skuimg/2021/04/[46]_20210415134438311.jpg',39),(50,NULL,'2021-09-23 12:08:35.922','2021-09-23 12:08:35.922','https://image.istarbucks.co.kr/upload/store/skuimg/2021/04/[128192]_20210415155639276.jpg',40),(51,NULL,'2021-09-23 12:08:36.718','2021-09-23 12:08:36.718','https://image.istarbucks.co.kr/upload/store/skuimg/2021/04/[9200000002406]_20210415135507881.jpg',41),(52,NULL,'2021-09-23 12:08:37.767','2021-09-23 12:08:37.767','https://image.istarbucks.co.kr/upload/store/skuimg/2021/04/[110612]_20210415133425513.jpg',42),(53,NULL,'2021-09-23 12:08:38.797','2021-09-23 12:08:38.797','https://image.istarbucks.co.kr/upload/store/skuimg/2021/04/[9200000002950]_20210426150654889.jpg',43),(54,NULL,'2021-09-23 12:08:39.801','2021-09-23 12:08:39.801','https://image.istarbucks.co.kr/upload/store/skuimg/2021/03/[9200000003505]_20210322093241696.jpg',44),(55,NULL,'2021-09-23 12:08:40.866','2021-09-23 12:08:40.866','https://image.istarbucks.co.kr/upload/store/skuimg/2021/03/[9200000003506]_20210322093318028.jpg',45),(56,NULL,'2021-09-23 12:08:41.907','2021-09-23 12:08:41.907','https://image.istarbucks.co.kr/upload/store/skuimg/2021/04/[9200000002953]_20210427132718311.jpg',46),(57,NULL,'2021-09-23 12:08:43.094','2021-09-23 12:08:43.094','https://image.istarbucks.co.kr/upload/store/skuimg/2021/04/[20]_20210415144112850.jpg',47),(58,NULL,'2021-09-23 12:08:44.109','2021-09-23 12:08:44.109','https://image.istarbucks.co.kr/upload/store/skuimg/2021/04/[110611]_20210415132507692.jpg',48),(59,NULL,'2021-09-23 12:08:45.107','2021-09-23 12:08:45.107','https://image.istarbucks.co.kr/upload/store/skuimg/2021/02/[9200000001631]_20210225090916688.jpg',49),(60,NULL,'2021-09-23 12:08:46.174','2021-09-23 12:08:46.174','https://image.istarbucks.co.kr/upload/store/skuimg/2021/04/[110614]_20210415132333251.jpg',50),(61,NULL,'2021-09-23 12:08:47.382','2021-09-23 12:08:47.382','https://image.istarbucks.co.kr/upload/store/skuimg/2021/08/[9200000003632]_20210830124145966.jpg',51),(62,NULL,'2021-09-23 12:08:48.200','2021-09-23 12:08:48.200','https://image.istarbucks.co.kr/upload/store/skuimg/2021/04/[9200000002760]_20210415133558221.jpg',52),(63,NULL,'2021-09-23 12:08:49.176','2021-09-23 12:08:49.176','https://image.istarbucks.co.kr/upload/store/skuimg/2021/04/[168004]_20210415134634879.jpg',53),(64,NULL,'2021-09-23 12:08:50.061','2021-09-23 12:08:50.061','https://image.istarbucks.co.kr/upload/store/skuimg/2021/04/[168007]_20210415144337572.jpg',54),(65,NULL,'2021-09-23 12:08:50.985','2021-09-23 12:08:50.985','https://image.istarbucks.co.kr/upload/store/skuimg/2021/04/[168016]_20210415154152277.jpg',55),(66,NULL,'2021-09-23 12:08:51.711','2021-09-23 12:08:51.711','https://image.istarbucks.co.kr/upload/store/skuimg/2021/04/[168010]_20210415154711259.jpg',56),(67,NULL,'2021-09-23 12:08:52.539','2021-09-23 12:08:52.539','https://image.istarbucks.co.kr/upload/store/skuimg/2021/04/[168013]_20210415155746535.jpg',57),(68,NULL,'2021-09-23 12:08:53.548','2021-09-23 12:08:53.548','https://image.istarbucks.co.kr/upload/store/skuimg/2021/04/[168054]_20210415135751989.jpg',58),(69,NULL,'2021-09-23 12:08:54.506','2021-09-23 12:08:54.506','https://image.istarbucks.co.kr/upload/store/skuimg/2020/09/[9200000002088]_20200921171733536.jpg',59),(70,NULL,'2021-09-23 12:08:55.524','2021-09-23 12:08:55.524','https://image.istarbucks.co.kr/upload/store/skuimg/2020/09/[9200000002090]_20200921171357282.jpg',60),(71,NULL,'2021-09-23 12:08:56.535','2021-09-23 12:08:56.535','https://image.istarbucks.co.kr/upload/store/skuimg/2021/04/[9200000002502]_20210426100408183.jpg',61),(72,NULL,'2021-09-23 12:08:57.411','2021-09-23 12:08:57.411','https://image.istarbucks.co.kr/upload/store/skuimg/2021/04/[168066]_20210415154429903.jpg',62),(73,NULL,'2021-09-23 12:08:58.289','2021-09-23 12:08:58.289','https://image.istarbucks.co.kr/upload/store/skuimg/2021/04/[9200000002403]_20210419131548806.jpg',63),(74,NULL,'2021-09-23 12:08:59.284','2021-09-23 12:08:59.284','https://image.istarbucks.co.kr/upload/store/skuimg/2021/04/[167004]_20210419130801762.jpg',64),(75,NULL,'2021-09-23 12:09:00.014','2021-09-23 12:09:00.014','https://image.istarbucks.co.kr/upload/store/skuimg/2021/04/[9200000003276]_20210416154001576.jpg',65),(76,NULL,'2021-09-23 12:09:00.835','2021-09-23 12:09:00.835','https://image.istarbucks.co.kr/upload/store/skuimg/2021/04/[169001]_20210419130701935.jpg',66),(77,NULL,'2021-09-23 12:09:01.827','2021-09-23 12:09:01.827','https://image.istarbucks.co.kr/upload/store/skuimg/2021/04/[9200000003443]_20210416154107856.jpg',67),(78,NULL,'2021-09-23 12:09:02.819','2021-09-23 12:09:02.819','https://image.istarbucks.co.kr/upload/store/skuimg/2021/04/[9200000002766]_20210419125528988.jpg',68),(79,NULL,'2021-09-23 12:09:03.930','2021-09-23 12:09:03.930','https://image.istarbucks.co.kr/upload/store/skuimg/2021/04/[107025]_20210419104757108.jpg',69),(80,NULL,'2021-09-23 12:09:04.935','2021-09-23 12:09:04.935','https://image.istarbucks.co.kr/upload/store/skuimg/2021/04/[107051]_20210419112152119.jpg',70),(81,NULL,'2021-09-23 12:09:05.947','2021-09-23 12:09:05.947','https://image.istarbucks.co.kr/upload/store/skuimg/2021/04/[107031]_20210419125350068.jpg',71),(82,NULL,'2021-09-23 12:09:06.814','2021-09-23 12:09:06.814','https://image.istarbucks.co.kr/upload/store/skuimg/2021/08/[9200000003638]_20210830124338536.jpg',72),(83,NULL,'2021-09-23 12:09:07.734','2021-09-23 12:09:07.734','https://image.istarbucks.co.kr/upload/store/skuimg/2021/09/[9200000003709]_20210903164023545.jpg',73),(84,NULL,'2021-09-23 12:09:08.483','2021-09-23 12:09:08.483','https://image.istarbucks.co.kr/upload/store/skuimg/2021/08/[9200000003635]_20210830124249262.jpg',74),(85,NULL,'2021-09-23 12:09:09.310','2021-09-23 12:09:09.310','https://image.istarbucks.co.kr/upload/store/skuimg/2021/09/[9200000003708]_20210903163943692.jpg',75),(86,NULL,'2021-09-23 12:09:10.241','2021-09-23 12:09:10.241','https://image.istarbucks.co.kr/upload/store/skuimg/2021/04/[9200000001931]_20210419130043880.jpg',76),(87,NULL,'2021-09-23 12:09:11.213','2021-09-23 12:09:11.213','https://image.istarbucks.co.kr/upload/store/skuimg/2021/04/[4004000000056]_20210415135215781.jpg',77),(88,NULL,'2021-09-23 12:09:12.059','2021-09-23 12:09:12.059','https://image.istarbucks.co.kr/upload/store/skuimg/2021/03/[9200000003511]_20210322093158512.jpg',78),(89,NULL,'2021-09-23 12:09:12.774','2021-09-23 12:09:12.774','https://image.istarbucks.co.kr/upload/store/skuimg/2021/05/[9200000001933]_20210512095247762.jpg',79),(90,NULL,'2021-09-23 12:09:13.523','2021-09-23 12:09:13.523','https://image.istarbucks.co.kr/upload/store/skuimg/2021/04/[4004000000059]_20210415141656185.jpg',80),(91,NULL,'2021-09-23 12:09:14.249','2021-09-23 12:09:14.249','https://image.istarbucks.co.kr/upload/store/skuimg/2021/04/[4004000000039]_20210415142056015.jpg',81),(92,NULL,'2021-09-23 12:09:14.954','2021-09-23 12:09:14.954','https://image.istarbucks.co.kr/upload/store/skuimg/2021/04/[9200000000229]_20210415142219633.jpg',82),(93,NULL,'2021-09-23 12:09:15.675','2021-09-23 12:09:15.675','https://image.istarbucks.co.kr/upload/store/skuimg/2020/06/[9200000002959]_20200616103540671.jpg',83),(94,NULL,'2021-09-23 12:09:16.387','2021-09-23 12:09:16.387','https://image.istarbucks.co.kr/upload/store/skuimg/2021/04/[4004000000019]_20210415142323601.jpg',84),(95,NULL,'2021-09-23 12:09:17.096','2021-09-23 12:09:17.096','https://image.istarbucks.co.kr/upload/store/skuimg/2021/04/[400400000094]_20210415230316646.jpg',85),(96,NULL,'2021-09-23 12:09:17.803','2021-09-23 12:09:17.803','https://image.istarbucks.co.kr/upload/store/skuimg/2021/04/[4004000000079]_20210415143641288.jpg',86),(97,NULL,'2021-09-23 12:09:18.747','2021-09-23 12:09:18.747','https://image.istarbucks.co.kr/upload/store/skuimg/2021/04/[4004000000069]_20210415143811387.jpg',87),(98,NULL,'2021-09-23 12:09:19.466','2021-09-23 12:09:19.466','https://image.istarbucks.co.kr/upload/store/skuimg/2021/04/[4004000000036]_20210415143933578.jpg',88),(99,NULL,'2021-09-23 12:09:20.194','2021-09-23 12:09:20.194','https://image.istarbucks.co.kr/upload/store/skuimg/2021/04/[9200000000226]_20210415144434675.jpg',89),(100,NULL,'2021-09-23 12:09:20.909','2021-09-23 12:09:20.909','https://image.istarbucks.co.kr/upload/store/skuimg/2021/04/[9200000002956]_20210427133741555.jpg',90),(101,NULL,'2021-09-23 12:09:21.649','2021-09-23 12:09:21.649','https://image.istarbucks.co.kr/upload/store/skuimg/2021/04/[4004000000016]_20210415153648749.jpg',91),(102,NULL,'2021-09-23 12:09:22.411','2021-09-23 12:09:22.411','https://image.istarbucks.co.kr/upload/store/skuimg/2021/04/[9200000000187]_20210419131229682.jpg',92),(103,NULL,'2021-09-23 12:09:23.138','2021-09-23 12:09:23.138','https://image.istarbucks.co.kr/upload/store/skuimg/2021/04/[400400000091]_20210415132230094.jpg',93),(104,NULL,'2021-09-23 12:09:23.901','2021-09-23 12:09:23.901','https://image.istarbucks.co.kr/upload/store/skuimg/2021/04/[4004000000076]_20210415154920905.jpg',94),(105,NULL,'2021-09-23 12:09:24.648','2021-09-23 12:09:24.648','https://image.istarbucks.co.kr/upload/store/skuimg/2021/04/[9200000003499]_20210416154512131.jpg',95),(106,NULL,'2021-09-23 12:09:25.439','2021-09-23 12:09:25.439','https://image.istarbucks.co.kr/upload/store/skuimg/2021/04/[4004000000066]_20210415155836546.jpg',96),(107,NULL,'2021-09-23 12:09:26.168','2021-09-23 12:09:26.168','https://image.istarbucks.co.kr/upload/store/skuimg/2021/03/[9200000003512]_20210322093120030.jpg',97),(108,NULL,'2021-09-23 12:09:26.863','2021-09-23 12:09:26.863','https://image.istarbucks.co.kr/upload/store/skuimg/2021/09/[9200000003649]_20210906163220318.jpg',98),(109,NULL,'2021-09-23 12:09:27.548','2021-09-23 12:09:27.548','https://image.istarbucks.co.kr/upload/store/skuimg/2021/04/[9200000000190]_20210419131723681.jpg',99),(110,NULL,'2021-09-23 12:09:28.236','2021-09-23 12:09:28.236','https://image.istarbucks.co.kr/upload/store/skuimg/2021/04/[9200000003502]_20210416154536944.jpg',100),(111,NULL,'2021-09-23 12:09:28.924','2021-09-23 12:09:28.924','https://image.istarbucks.co.kr/upload/store/skuimg/2021/03/[9200000003516]_20210322093050258.jpg',101),(112,NULL,'2021-09-23 12:09:29.634','2021-09-23 12:09:29.634','https://image.istarbucks.co.kr/upload/store/skuimg/2021/09/[9200000003646]_20210906163119383.jpg',102),(113,NULL,'2021-09-23 12:09:30.345','2021-09-23 12:09:30.345','https://image.istarbucks.co.kr/upload/store/skuimg/2020/06/[9200000002963]_20200616103700899.jpg',103),(114,NULL,'2021-09-23 12:09:31.044','2021-09-23 12:09:31.044','https://image.istarbucks.co.kr/upload/store/skuimg/2021/04/[9200000002966]_20210415125358787.jpg',104),(115,NULL,'2021-09-23 12:09:31.748','2021-09-23 12:09:31.748','https://image.istarbucks.co.kr/upload/store/skuimg/2021/04/[9200000002499]_20210419130902691.jpg',105),(116,NULL,'2021-09-23 12:09:32.463','2021-09-23 12:09:32.463','https://image.istarbucks.co.kr/upload/store/skuimg/2021/04/[135612]_20210415142512952.jpg',106),(117,NULL,'2021-09-23 12:09:33.160','2021-09-23 12:09:33.160','https://image.istarbucks.co.kr/upload/store/skuimg/2021/03/[9200000003514]_20210322092951676.jpg',107),(118,NULL,'2021-09-23 12:09:33.889','2021-09-23 12:09:33.889','https://image.istarbucks.co.kr/upload/store/skuimg/2021/04/[9200000002496]_20210419131039504.jpg',108),(119,NULL,'2021-09-23 12:09:34.739','2021-09-23 12:09:34.739','https://image.istarbucks.co.kr/upload/store/skuimg/2021/04/[135608]_20210415154244970.jpg',109),(120,NULL,'2021-09-23 12:09:35.488','2021-09-23 12:09:35.488','https://image.istarbucks.co.kr/upload/store/skuimg/2021/03/[9200000003513]_20210322092740447.jpg',110),(121,NULL,'2021-09-23 12:09:36.262','2021-09-23 12:09:36.262','https://image.istarbucks.co.kr/upload/store/skuimg/2021/09/[9200000003707]_20210903163831400.jpg',111),(122,NULL,'2021-09-23 12:09:36.986','2021-09-23 12:09:36.986','https://image.istarbucks.co.kr/upload/store/skuimg/2021/04/[72]_20210415140950127.jpg',112),(123,NULL,'2021-09-23 12:09:37.686','2021-09-23 12:09:37.686','https://image.istarbucks.co.kr/upload/store/skuimg/2021/04/[110621]_20210415140901783.jpg',113),(124,NULL,'2021-09-23 12:09:38.440','2021-09-23 12:09:38.440','https://image.istarbucks.co.kr/upload/store/skuimg/2021/04/[9200000003658]_20210422080248378.jpg',114),(125,NULL,'2021-09-23 12:09:39.219','2021-09-23 12:09:39.219','https://image.istarbucks.co.kr/upload/store/skuimg/2021/04/[9200000002594]_20210422080327971.jpg',115),(126,NULL,'2021-09-23 12:09:39.957','2021-09-23 12:09:39.957','https://image.istarbucks.co.kr/upload/store/skuimg/2021/02/[9200000000428]_20210225090055924.jpg',116),(127,NULL,'2021-09-23 12:09:40.755','2021-09-23 12:09:40.755','https://image.istarbucks.co.kr/upload/store/skuimg/2021/04/[9200000003659]_20210428134252286.jpg',117),(128,NULL,'2021-09-23 12:09:41.458','2021-09-23 12:09:41.458','https://image.istarbucks.co.kr/upload/store/skuimg/2021/04/[17]_20210426095335069.jpg',118),(129,NULL,'2021-09-23 12:09:42.131','2021-09-23 12:09:42.131','https://image.istarbucks.co.kr/upload/store/skuimg/2020/09/[9200000001302]_20200921171804533.jpg',119),(130,NULL,'2021-09-23 12:09:42.851','2021-09-23 12:09:42.851','https://image.istarbucks.co.kr/upload/store/skuimg/2021/02/[9200000000429]_20210225090138407.jpg',120),(131,NULL,'2021-09-23 12:09:43.533','2021-09-23 12:09:43.533','https://image.istarbucks.co.kr/upload/store/skuimg/2021/04/[18]_20210426095514150.jpg',121),(132,NULL,'2021-09-23 12:09:44.201','2021-09-23 12:09:44.201','https://image.istarbucks.co.kr/upload/store/skuimg/2020/09/[9200000001301]_20200921171639786.jpg',122),(133,NULL,'2021-09-23 12:09:45.039','2021-09-23 12:09:45.039','https://image.istarbucks.co.kr/upload/store/skuimg/2020/09/[9200000002089]_20200921171510986.jpg',123),(134,NULL,'2021-09-23 12:09:45.738','2021-09-23 12:09:45.738','https://image.istarbucks.co.kr/upload/store/skuimg/2021/04/[9300000002853]_20210419104333223.jpg',124),(135,NULL,'2021-09-23 12:09:46.418','2021-09-23 12:09:46.418','https://image.istarbucks.co.kr/upload/store/skuimg/2021/04/[9300000002850]_20210419125157036.jpg',125),(136,NULL,'2021-09-23 12:09:47.117','2021-09-23 12:09:47.117','https://image.istarbucks.co.kr/upload/store/skuimg/2021/04/[9300000002854]_20210419125705660.jpg',126),(137,NULL,'2021-09-23 12:09:47.825','2021-09-23 12:09:47.825','https://image.istarbucks.co.kr/upload/store/skuimg/2021/04/[9300000002851]_20210419104534455.jpg',127),(138,NULL,'2021-09-23 12:09:48.560','2021-09-23 12:09:48.560','https://image.istarbucks.co.kr/upload/store/skuimg/2021/04/[5210008070]_20210426095035197.jpg',128),(139,NULL,'2021-09-23 12:09:49.257','2021-09-23 12:09:49.257','https://image.istarbucks.co.kr/upload/store/skuimg/2021/04/[5210008061]_20210426095229497.jpg',129),(140,NULL,'2021-09-23 12:09:49.988','2021-09-23 12:09:49.988','https://image.istarbucks.co.kr/upload/store/skuimg/2021/04/[9300000002115]_20210419110440862.jpg',130),(141,NULL,'2021-09-23 12:09:50.695','2021-09-23 12:09:50.695','https://image.istarbucks.co.kr/upload/store/skuimg/2021/04/[5210008072]_20210426100712961.jpg',131),(142,NULL,'2021-09-23 12:09:51.460','2021-09-23 12:09:51.460','https://image.istarbucks.co.kr/upload/store/skuimg/2021/04/[5210008074]_20210419112239228.jpg',132),(143,NULL,'2021-09-23 12:09:52.365','2021-09-23 12:09:52.365','https://image.istarbucks.co.kr/upload/store/skuimg/2021/04/[9300000002852]_20210426102224773.jpg',133),(144,NULL,'2021-09-23 12:09:53.149','2021-09-23 12:09:53.149','https://image.istarbucks.co.kr/upload/store/skuimg/2021/04/[5210008055]_20210426102703775.jpg',134),(145,NULL,'2021-09-23 12:09:53.862','2021-09-23 12:09:53.862','https://image.istarbucks.co.kr/upload/store/skuimg/2021/04/[9300000002565]_20210426102753431.jpg',135),(146,NULL,'2021-09-23 12:09:54.587','2021-09-23 12:09:54.587','https://image.istarbucks.co.kr/upload/store/skuimg/2021/04/[5210008063]_20210419104847771.jpg',136),(147,NULL,'2021-09-23 12:09:55.302','2021-09-23 12:09:55.302','https://image.istarbucks.co.kr/upload/store/skuimg/2021/04/[5210008064]_20210419112040989.jpg',137);
/*!40000 ALTER TABLE `images` ENABLE KEYS */;
UNLOCK TABLES;

--
-- Table structure for table `nutrition_coffee`
--

DROP TABLE IF EXISTS `nutrition_coffee`;
/*!40101 SET @saved_cs_client     = @@character_set_client */;
/*!50503 SET character_set_client = utf8mb4 */;
CREATE TABLE `nutrition_coffee` (
  `id` int NOT NULL AUTO_INCREMENT,
  `amount` varchar(191) COLLATE utf8mb4_unicode_ci NOT NULL,
  `nutritions_id` int NOT NULL,
  `coffees_id` int NOT NULL,
  PRIMARY KEY (`id`),
  KEY `nutrition_coffee_nutrition_id_fkey` (`nutritions_id`),
  KEY `nutrition_coffee_coffees_id_fkey` (`coffees_id`),
  CONSTRAINT `nutrition_coffee_coffees_id_fkey` FOREIGN KEY (`coffees_id`) REFERENCES `coffees` (`id`) ON DELETE RESTRICT ON UPDATE CASCADE,
  CONSTRAINT `nutrition_coffee_nutrition_id_fkey` FOREIGN KEY (`nutritions_id`) REFERENCES `nutritions` (`id`) ON DELETE RESTRICT ON UPDATE CASCADE
) ENGINE=InnoDB AUTO_INCREMENT=883 DEFAULT CHARSET=utf8mb4 COLLATE=utf8mb4_unicode_ci;
/*!40101 SET character_set_client = @saved_cs_client */;

--
-- Dumping data for table `nutrition_coffee`
--

LOCK TABLES `nutrition_coffee` WRITE;
/*!40000 ALTER TABLE `nutrition_coffee` DISABLE KEYS */;
INSERT INTO `nutrition_coffee` VALUES (1,'25',1,1),(2,'0',2,1),(3,'0',3,1),(4,'50',4,1),(5,'0',5,1),(6,'680',6,1),(7,'75',1,2),(8,'2',2,2),(9,'1',3,2),(10,'20',4,2),(11,'10',5,2),(12,'245',6,2),(13,'25',1,1),(14,'0',2,1),(15,'0',3,1),(16,'50',4,1),(17,'0',5,1),(18,'680',6,1),(19,'75',1,2),(20,'2',2,2),(21,'1',3,2),(22,'20',4,2),(23,'10',5,2),(24,'245',6,2),(25,'25',1,1),(26,'0',2,1),(27,'0',3,1),(28,'50',4,1),(29,'0',5,1),(30,'680',6,1),(31,'75',1,2),(32,'2',2,2),(33,'1',3,2),(34,'20',4,2),(35,'10',5,2),(36,'245',6,2),(37,'25',1,1),(38,'0',2,1),(39,'0',3,1),(40,'50',4,1),(41,'0',5,1),(42,'680',6,1),(43,'75',1,2),(44,'2',2,2),(45,'1',3,2),(46,'20',4,2),(47,'10',5,2),(48,'245',6,2),(49,'25',1,1),(50,'0',2,1),(51,'0',3,1),(52,'50',4,1),(53,'0',5,1),(54,'680',6,1),(55,'75',1,2),(56,'2',2,2),(57,'1',3,2),(58,'20',4,2),(59,'10',5,2),(60,'245',6,2),(61,'25',1,1),(62,'0',2,1),(63,'0',3,1),(64,'50',4,1),(65,'0',5,1),(66,'680',6,1),(67,'75',1,2),(68,'2',2,2),(69,'1',3,2),(70,'20',4,2),(71,'10',5,2),(72,'245',6,2),(73,'5',1,3),(74,'0',2,3),(75,'0',3,3),(76,'5',4,3),(77,'0',5,3),(78,'245',6,3),(79,'265',1,4),(80,'9',2,4),(81,'8',3,4),(82,'115',4,4),(83,'29',5,4),(84,'150',6,4),(85,'125',1,5),(86,'6',2,5),(87,'3',3,5),(88,'58',4,5),(89,'11',5,5),(90,'150',6,5),(91,'150',1,6),(92,'6',2,6),(93,'2',3,6),(94,'15',4,6),(95,'17',5,6),(96,'160',6,6),(97,'340',1,7),(98,'8',2,7),(99,'10',3,7),(100,'115',4,7),(101,'44',5,7),(102,'105',6,7),(103,'5',1,8),(104,'0',2,8),(105,'0',3,8),(106,'11',4,8),(107,'0',5,8),(108,'150',6,8),(109,'510',1,9),(110,'20',2,9),(111,'10',3,9),(112,'147.8',4,9),(113,'40',5,9),(114,'150',6,9),(115,'105',1,10),(116,'0.3',2,10),(117,'1',3,10),(118,'95',4,10),(119,'11',5,10),(120,'65',6,10),(121,'230',1,11),(122,'10',2,11),(123,'3',3,11),(124,'69',4,11),(125,'18',5,11),(126,'150',6,11),(127,'80',1,12),(128,'0',2,12),(129,'0',3,12),(130,'0',4,12),(131,'19',5,12),(132,'145',6,12),(133,'5',1,13),(134,'0',2,13),(135,'0',3,13),(136,'10',4,13),(137,'0',5,13),(138,'140',6,13),(139,'5',1,14),(140,'0',2,14),(141,'0',3,14),(142,'10',4,14),(143,'0',5,14),(144,'260',6,14),(145,'385',1,15),(146,'14',2,15),(147,'11',3,15),(148,'220',4,15),(149,'37',5,15),(150,'75',6,15),(151,'305',1,16),(152,'11',2,16),(153,'7',3,16),(154,'160',4,16),(155,'31',5,16),(156,'75',6,16),(157,'30',1,17),(158,'1.5',2,17),(159,'0',3,17),(160,'0',4,17),(161,'1',5,17),(162,'75',6,17),(163,'10',1,18),(164,'0',2,18),(165,'1',3,18),(166,'0',4,18),(167,'0',5,18),(168,'75',6,18),(169,'10',1,19),(170,'0',2,19),(171,'1',3,19),(172,'5',4,19),(173,'0',5,19),(174,'150',6,19),(175,'10',1,20),(176,'0',2,20),(177,'1',3,20),(178,'5',4,20),(179,'0',5,20),(180,'150',6,20),(181,'190',1,21),(182,'4.6',2,21),(183,'6',3,21),(184,'110',4,21),(185,'21',5,21),(186,'75',6,21),(187,'200',1,22),(188,'5',2,22),(189,'8',3,22),(190,'130',4,22),(191,'22',5,22),(192,'75',6,22),(193,'115',1,23),(194,'3.5',2,23),(195,'6',3,23),(196,'90',4,23),(197,'9',5,23),(198,'75',6,23),(199,'110',1,24),(200,'3',2,24),(201,'6',3,24),(202,'70',4,24),(203,'8',5,24),(204,'75',6,24),(205,'400',1,25),(206,'22',2,25),(207,'8',3,25),(208,'140',4,25),(209,'30',5,25),(210,'105',6,25),(211,'70',1,26),(212,'1.8',2,26),(213,'3',3,26),(214,'45',4,26),(215,'8',5,26),(216,'75',6,26),(217,'245',1,27),(218,'6',2,27),(219,'9',3,27),(220,'150',4,27),(221,'27',5,27),(222,'210',6,27),(223,'330',1,28),(224,'11',2,28),(225,'11',3,28),(226,'180',4,28),(227,'32',5,28),(228,'91',6,28),(229,'270',1,29),(230,'18',2,29),(231,'3',3,29),(232,'45',4,29),(233,'14',5,29),(234,'285',6,29),(235,'255',1,30),(236,'2.6',2,30),(237,'12',3,30),(238,'190',4,30),(239,'39',5,30),(240,'150',6,30),(241,'335',1,31),(242,'18',2,31),(243,'6',3,31),(244,'110',4,31),(245,'27',5,31),(246,'105',6,31),(247,'155',1,32),(248,'2.9',2,32),(249,'5',3,32),(250,'75',4,32),(251,'20',5,32),(252,'210',6,32),(253,'220',1,33),(254,'8',2,33),(255,'6',3,33),(256,'90',4,33),(257,'23',5,33),(258,'91',6,33),(259,'230',1,34),(260,'2.5',2,34),(261,'10',3,34),(262,'145',4,34),(263,'35',5,34),(264,'150',6,34),(265,'110',1,35),(266,'3.5',2,35),(267,'6',3,35),(268,'75',4,35),(269,'8',5,35),(270,'75',6,35),(271,'180',1,36),(272,'5',2,36),(273,'10',3,36),(274,'115',4,36),(275,'13',5,36),(276,'75',6,36),(277,'250',1,37),(278,'8',2,37),(279,'7',3,37),(280,'70',4,37),(281,'21',5,37),(282,'95',6,37),(283,'260',1,38),(284,'8',2,38),(285,'7',3,38),(286,'75',4,38),(287,'27',5,38),(288,'75',6,38),(289,'290',1,39),(290,'9',2,39),(291,'10',3,39),(292,'105',4,39),(293,'25',5,39),(294,'95',6,39),(295,'345',1,40),(296,'11',2,40),(297,'11',3,40),(298,'150',4,40),(299,'35',5,40),(300,'75',6,40),(301,'220',1,41),(302,'5',2,41),(303,'9',3,41),(304,'130',4,41),(305,'23',5,41),(306,'260',6,41),(307,'125',1,42),(308,'4.5',2,42),(309,'2',3,42),(310,'30',4,42),(311,'14',5,42),(312,'150',6,42),(313,'315',1,43),(314,'12',2,43),(315,'8',3,43),(316,'130',4,43),(317,'31',5,43),(318,'170',6,43),(319,'290',1,44),(320,'10',2,44),(321,'4',3,44),(322,'70',4,44),(323,'30',5,44),(324,'210',6,44),(325,'65',1,45),(326,'0',2,45),(327,'0',3,45),(328,'5',4,45),(329,'15',5,45),(330,'105',6,45),(331,'195',1,46),(332,'6',2,46),(333,'5',3,46),(334,'65',4,46),(335,'22',5,46),(336,'170',6,46),(337,'5',1,47),(338,'0',2,47),(339,'0',3,47),(340,'0',4,47),(341,'0',5,47),(342,'75',6,47),(343,'125',1,48),(344,'5',2,48),(345,'3',3,48),(346,'28.5',4,48),(347,'14',5,48),(348,'150',6,48),(349,'240',1,49),(350,'10',2,49),(351,'4',3,49),(352,'70',4,49),(353,'18',5,49),(354,'150',6,49),(355,'125',1,50),(356,'5',2,50),(357,'3',3,50),(358,'28.5',4,50),(359,'14',5,50),(360,'150',6,50),(361,'385',1,51),(362,'11',2,51),(363,'5',3,51),(364,'240',4,51),(365,'53',5,51),(366,'21',6,51),(367,'265',1,52),(368,'11',2,52),(369,'3',3,52),(370,'140',4,52),(371,'31',5,52),(372,'130',6,52),(373,'280',1,53),(374,'6',2,53),(375,'5',3,53),(376,'180',4,53),(377,'36',5,53),(378,'90',6,53),(379,'145',1,54),(380,'1.1',2,54),(381,'2',3,54),(382,'115',4,54),(383,'29',5,54),(384,'120',6,54),(385,'340',1,55),(386,'9',2,55),(387,'6',3,55),(388,'180',4,55),(389,'42',5,55),(390,'100',6,55),(391,'300',1,56),(392,'7',2,56),(393,'4',3,56),(394,'190',4,56),(395,'39',5,56),(396,'85',6,56),(397,'245',1,57),(398,'6',2,57),(399,'4',3,57),(400,'140',4,57),(401,'38',5,57),(402,'85',6,57),(403,'200',1,58),(404,'6',2,58),(405,'4',3,58),(406,'150',4,58),(407,'28',5,58),(408,'0',6,58),(409,'600',1,59),(410,'7',2,59),(411,'9',3,59),(412,'330',4,59),(413,'79',5,59),(414,'0',6,59),(415,'460',1,60),(416,'10',2,60),(417,'8',3,60),(418,'250',4,60),(419,'57',5,60),(420,'0',6,60),(421,'230',1,61),(422,'7',2,61),(423,'5',3,61),(424,'150',4,61),(425,'28',5,61),(426,'60',6,61),(427,'300',1,62),(428,'7',2,62),(429,'6',3,62),(430,'160',4,62),(431,'40',5,62),(432,'10',6,62),(433,'410',1,63),(434,'14',2,63),(435,'5',3,63),(436,'220',4,63),(437,'57',5,63),(438,'0',6,63),(439,'120',1,64),(440,'0',2,64),(441,'1',3,64),(442,'70',4,64),(443,'25',5,64),(444,'35',6,64),(445,'370',1,65),(446,'4.3',2,65),(447,'9',3,65),(448,'105',4,65),(449,'57',5,65),(450,'0',6,65),(451,'270',1,66),(452,'1',2,66),(453,'4',3,66),(454,'110',4,66),(455,'48',5,66),(456,'0',6,66),(457,'455',1,67),(458,'14',2,67),(459,'9',3,67),(460,'180',4,67),(461,'52',5,67),(462,'0',6,67),(463,'190',1,68),(464,'0',2,68),(465,'0',3,68),(466,'45',4,68),(467,'27',5,68),(468,'0',6,68),(469,'65',1,69),(470,'0',2,69),(471,'0',3,69),(472,'0',4,69),(473,'17',5,69),(474,'30',6,69),(475,'105',1,70),(476,'0',2,70),(477,'0',3,70),(478,'20',4,70),(479,'26',5,70),(480,'110',6,70),(481,'65',1,71),(482,'0',2,71),(483,'0',3,71),(484,'0.2',4,71),(485,'17',5,71),(486,'0',6,71),(487,'200',1,72),(488,'0',2,72),(489,'1',3,72),(490,'0',4,72),(491,'47',5,72),(492,'16',6,72),(493,'150',1,73),(494,'0',2,73),(495,'1',3,73),(496,'35',4,73),(497,'22',5,73),(498,'10',6,73),(499,'245',1,74),(500,'0.1',2,74),(501,'1',3,74),(502,'0',4,74),(503,'57',5,74),(504,'16',6,74),(505,'235',1,75),(506,'0',2,75),(507,'1',3,75),(508,'60',4,75),(509,'33',5,75),(510,'10',6,75),(511,'140',1,76),(512,'0',2,76),(513,'0',3,76),(514,'25',4,76),(515,'35',5,76),(516,'150',6,76),(517,'0',1,77),(518,'0',2,77),(519,'0',3,77),(520,'0',4,77),(521,'0',5,77),(522,'0',6,77),(523,'175',1,78),(524,'0.1',2,78),(525,'0',3,78),(526,'0',4,78),(527,'38',5,78),(528,'25',6,78),(529,'90',1,79),(530,'0',2,79),(531,'0',3,79),(532,'15',4,79),(533,'22',5,79),(534,'93',6,79),(535,'0',1,80),(536,'0',2,80),(537,'0',3,80),(538,'0',4,80),(539,'0',5,80),(540,'0',6,80),(541,'0',1,81),(542,'0',2,81),(543,'0',3,81),(544,'0',4,81),(545,'0',5,81),(546,'50',6,81),(547,'0',1,82),(548,'0',2,82),(549,'0',3,82),(550,'0',4,82),(551,'0',5,82),(552,'20',6,82),(553,'145',1,83),(554,'0',2,83),(555,'0',3,83),(556,'5',4,83),(557,'37',5,83),(558,'0',6,83),(559,'0',1,84),(560,'0',2,84),(561,'0',3,84),(562,'0',4,84),(563,'0',5,84),(564,'40',6,84),(565,'0',1,85),(566,'0',2,85),(567,'0',3,85),(568,'0',4,85),(569,'0',5,85),(570,'16',6,85),(571,'0',1,86),(572,'0',2,86),(573,'0',3,86),(574,'0',4,86),(575,'0',5,86),(576,'0',6,86),(577,'0',1,87),(578,'0',2,87),(579,'0',3,87),(580,'0',4,87),(581,'0',5,87),(582,'0',6,87),(583,'0',1,88),(584,'0',2,88),(585,'0',3,88),(586,'0',4,88),(587,'0',5,88),(588,'70',6,88),(589,'0',1,89),(590,'0',2,89),(591,'0',3,89),(592,'0',4,89),(593,'0',5,89),(594,'20',6,89),(595,'235',1,90),(596,'0',2,90),(597,'0',3,90),(598,'10',4,90),(599,'58',5,90),(600,'0',6,90),(601,'0',1,91),(602,'0',2,91),(603,'0',3,91),(604,'0',4,91),(605,'0',5,91),(606,'70',6,91),(607,'125',1,92),(608,'0',2,92),(609,'0',3,92),(610,'5',4,92),(611,'30',5,92),(612,'70',6,92),(613,'0',1,93),(614,'0',2,93),(615,'0',3,93),(616,'0',4,93),(617,'0',5,93),(618,'16',6,93),(619,'0',1,94),(620,'0',2,94),(621,'0',3,94),(622,'0',4,94),(623,'0',5,94),(624,'0',6,94),(625,'180',1,95),(626,'0',2,95),(627,'0',3,95),(628,'5',4,95),(629,'41',5,95),(630,'0',6,95),(631,'0',1,96),(632,'0',2,96),(633,'0',3,96),(634,'0',4,96),(635,'0',5,96),(636,'0',6,96),(637,'175',1,97),(638,'0.1',2,97),(639,'0',3,97),(640,'0',4,97),(641,'38',5,97),(642,'15',6,97),(643,'220',1,98),(644,'0',2,98),(645,'0',3,98),(646,'5',4,98),(647,'52',5,98),(648,'10',6,98),(649,'125',1,99),(650,'0',2,99),(651,'0',3,99),(652,'5',4,99),(653,'30',5,99),(654,'30',6,99),(655,'155',1,100),(656,'0',2,100),(657,'0',3,100),(658,'5',4,100),(659,'34',5,100),(660,'0',6,100),(661,'205',1,101),(662,'0',2,101),(663,'0',3,101),(664,'30',4,101),(665,'48',5,101),(666,'0',6,101),(667,'280',1,102),(668,'0',2,102),(669,'0',3,102),(670,'10',4,102),(671,'68',5,102),(672,'20',6,102),(673,'250',1,103),(674,'5',2,103),(675,'8',3,103),(676,'110',4,103),(677,'34',5,103),(678,'60',6,103),(679,'210',1,104),(680,'3.7',2,104),(681,'6',3,104),(682,'80',4,104),(683,'31',5,104),(684,'35',6,104),(685,'155',1,105),(686,'3.6',2,105),(687,'6',3,105),(688,'95',4,105),(689,'16',5,105),(690,'60',6,105),(691,'190',1,106),(692,'3',2,106),(693,'5',3,106),(694,'70',4,106),(695,'31',5,106),(696,'70',6,106),(697,'235',1,107),(698,'3.4',2,107),(699,'5',3,107),(700,'140',4,107),(701,'36',5,107),(702,'100',6,107),(703,'205',1,108),(704,'5',2,108),(705,'9',3,108),(706,'130',4,108),(707,'20',5,108),(708,'60',6,108),(709,'200',1,109),(710,'3',2,109),(711,'6',3,109),(712,'70',4,109),(713,'31',5,109),(714,'70',6,109),(715,'235',1,110),(716,'3.4',2,110),(717,'5',3,110),(718,'140',4,110),(719,'36',5,110),(720,'150',6,110),(721,'245',1,111),(722,'0',2,111),(723,'0',3,111),(724,'10',4,111),(725,'48',5,111),(726,'0',6,111),(727,'500',1,112),(728,'9',2,112),(729,'15',3,112),(730,'105',4,112),(731,'52',5,112),(732,'15',6,112),(733,'325',1,113),(734,'7',2,113),(735,'10',3,113),(736,'70',4,113),(737,'32',5,113),(738,'15',6,113),(739,'415',1,114),(740,'16',2,114),(741,'11',3,114),(742,'150',4,114),(743,'39',5,114),(744,'20',6,114),(745,'470',1,115),(746,'17',2,115),(747,'12',3,115),(748,'160',4,115),(749,'48',5,115),(750,'30',6,115),(751,'90',1,116),(752,'0',2,116),(753,'1',3,116),(754,'5',4,116),(755,'20',5,116),(756,'60',6,116),(757,'235',1,117),(758,'0',2,117),(759,'0',3,117),(760,'0',4,117),(761,'55',5,117),(762,'0',6,117),(763,'215',1,118),(764,'7',2,118),(765,'13',3,118),(766,'173',4,118),(767,'18',5,118),(768,'0',6,118),(769,'440',1,119),(770,'11',2,119),(771,'10',3,119),(772,'210',4,119),(773,'45',5,119),(774,'0',6,119),(775,'105',1,120),(776,'0',2,120),(777,'0',3,120),(778,'5',4,120),(779,'27',5,120),(780,'60',6,120),(781,'240',1,121),(782,'8',2,121),(783,'12',3,121),(784,'200',4,121),(785,'18',5,121),(786,'0',6,121),(787,'445',1,122),(788,'7',2,122),(789,'13',3,122),(790,'250',4,122),(791,'49',5,122),(792,'0',6,122),(793,'425',1,123),(794,'9',2,123),(795,'16',3,123),(796,'210',4,123),(797,'50',5,123),(798,'0',6,123),(799,'90',1,124),(800,'0',2,124),(801,'1',3,124),(802,'5',4,124),(803,'22',5,124),(804,'0',6,124),(805,'95',1,125),(806,'0',2,125),(807,'1',3,125),(808,'5',4,125),(809,'22',5,125),(810,'0',6,125),(811,'100',1,126),(812,'0',2,126),(813,'1',3,126),(814,'10',4,126),(815,'23',5,126),(816,'0',6,126),(817,'165',1,127),(818,'3.4',2,127),(819,'5',3,127),(820,'140',4,127),(821,'9',5,127),(822,'0',6,127),(823,'110',1,128),(824,'0',2,128),(825,'0',3,128),(826,'30',4,128),(827,'25',5,128),(828,'0',6,128),(829,'117',1,129),(830,'0',2,129),(831,'1',3,129),(832,'15',4,129),(833,'23',5,129),(834,'0',6,129),(835,'90',1,130),(836,'0',2,130),(837,'2',3,130),(838,'30',4,130),(839,'18',5,130),(840,'0',6,130),(841,'105',1,131),(842,'0',2,131),(843,'0',3,131),(844,'25',4,131),(845,'26',5,131),(846,'0',6,131),(847,'70',1,132),(848,'0',2,132),(849,'1',3,132),(850,'120',4,132),(851,'16',5,132),(852,'0',6,132),(853,'100',1,133),(854,'0',2,133),(855,'0',3,133),(856,'15',4,133),(857,'24',5,133),(858,'0',6,133),(859,'78',1,134),(860,'0',2,134),(861,'0.5',3,134),(862,'10',4,134),(863,'16',5,134),(864,'0',6,134),(865,'113',1,135),(866,'0',2,135),(867,'0.2',3,135),(868,'10',4,135),(869,'27',5,135),(870,'0',6,135),(871,'155',1,136),(872,'3.6',2,136),(873,'5',3,136),(874,'70',4,136),(875,'18',5,136),(876,'0',6,136),(877,'145',1,137),(878,'3.9',2,137),(879,'6',3,137),(880,'70',4,137),(881,'14',5,137),(882,'0',6,137);
/*!40000 ALTER TABLE `nutrition_coffee` ENABLE KEYS */;
UNLOCK TABLES;

--
-- Table structure for table `nutritions`
--

DROP TABLE IF EXISTS `nutritions`;
/*!40101 SET @saved_cs_client     = @@character_set_client */;
/*!50503 SET character_set_client = utf8mb4 */;
CREATE TABLE `nutritions` (
  `id` int NOT NULL AUTO_INCREMENT,
  `created_at` datetime(3) NOT NULL DEFAULT CURRENT_TIMESTAMP(3),
  `updated_at` datetime(3) NOT NULL DEFAULT CURRENT_TIMESTAMP(3),
  `nutrition` varchar(191) COLLATE utf8mb4_unicode_ci NOT NULL,
  PRIMARY KEY (`id`),
  UNIQUE KEY `nutritions_name_key` (`nutrition`)
) ENGINE=InnoDB AUTO_INCREMENT=7 DEFAULT CHARSET=utf8mb4 COLLATE=utf8mb4_unicode_ci;
/*!40101 SET character_set_client = @saved_cs_client */;

--
-- Dumping data for table `nutritions`
--

LOCK TABLES `nutritions` WRITE;
/*!40000 ALTER TABLE `nutritions` DISABLE KEYS */;
INSERT INTO `nutritions` VALUES (1,'2021-09-23 02:59:58.582','2021-09-23 02:59:58.582','1회 제공량 (kcal)'),(2,'2021-09-23 02:59:58.590','2021-09-23 02:59:58.590','포화지방 (g)'),(3,'2021-09-23 02:59:58.593','2021-09-23 02:59:58.593','단백질 (g)'),(4,'2021-09-23 02:59:58.596','2021-09-23 02:59:58.596','나트륨 (mg)'),(5,'2021-09-23 02:59:58.598','2021-09-23 02:59:58.598','당류 (g)'),(6,'2021-09-23 02:59:58.600','2021-09-23 02:59:58.600','카페인 (mg)');
/*!40000 ALTER TABLE `nutritions` ENABLE KEYS */;
UNLOCK TABLES;

--
-- Table structure for table `sizes`
--

DROP TABLE IF EXISTS `sizes`;
/*!40101 SET @saved_cs_client     = @@character_set_client */;
/*!50503 SET character_set_client = utf8mb4 */;
CREATE TABLE `sizes` (
  `id` int NOT NULL AUTO_INCREMENT,
  `name` varchar(191) COLLATE utf8mb4_unicode_ci NOT NULL,
  `amount` varchar(191) COLLATE utf8mb4_unicode_ci NOT NULL,
  PRIMARY KEY (`id`),
  UNIQUE KEY `sizes_name_key` (`name`),
  UNIQUE KEY `sizes_amount_key` (`amount`)
) ENGINE=InnoDB AUTO_INCREMENT=8 DEFAULT CHARSET=utf8mb4 COLLATE=utf8mb4_unicode_ci;
/*!40101 SET character_set_client = @saved_cs_client */;

--
-- Dumping data for table `sizes`
--

LOCK TABLES `sizes` WRITE;
/*!40000 ALTER TABLE `sizes` DISABLE KEYS */;
INSERT INTO `sizes` VALUES (3,'Bottle(보틀)','500ml (17 fl oz)'),(4,'Tall(톨)','355ml (12 fl oz)'),(5,'Grande(그란데)','473ml (16 fl oz)'),(6,'Solo(솔로)','22ml (0.75 fl oz)'),(7,'Short(숏)','237ml (8 fl oz)');
/*!40000 ALTER TABLE `sizes` ENABLE KEYS */;
UNLOCK TABLES;

--
-- Table structure for table `users`
--

DROP TABLE IF EXISTS `users`;
/*!40101 SET @saved_cs_client     = @@character_set_client */;
/*!50503 SET character_set_client = utf8mb4 */;
CREATE TABLE `users` (
  `id` int NOT NULL AUTO_INCREMENT,
  `created_at` datetime(3) NOT NULL DEFAULT CURRENT_TIMESTAMP(3),
  `updated_at` datetime(3) NOT NULL DEFAULT CURRENT_TIMESTAMP(3),
  `email` varchar(191) COLLATE utf8mb4_unicode_ci NOT NULL,
  `password` varchar(191) COLLATE utf8mb4_unicode_ci NOT NULL,
  PRIMARY KEY (`id`),
  UNIQUE KEY `users_email_key` (`email`)
) ENGINE=InnoDB DEFAULT CHARSET=utf8mb4 COLLATE=utf8mb4_unicode_ci;
/*!40101 SET character_set_client = @saved_cs_client */;

--
-- Dumping data for table `users`
--

LOCK TABLES `users` WRITE;
/*!40000 ALTER TABLE `users` DISABLE KEYS */;
/*!40000 ALTER TABLE `users` ENABLE KEYS */;
UNLOCK TABLES;
/*!40103 SET TIME_ZONE=@OLD_TIME_ZONE */;

/*!40101 SET SQL_MODE=@OLD_SQL_MODE */;
/*!40014 SET FOREIGN_KEY_CHECKS=@OLD_FOREIGN_KEY_CHECKS */;
/*!40014 SET UNIQUE_CHECKS=@OLD_UNIQUE_CHECKS */;
/*!40101 SET CHARACTER_SET_CLIENT=@OLD_CHARACTER_SET_CLIENT */;
/*!40101 SET CHARACTER_SET_RESULTS=@OLD_CHARACTER_SET_RESULTS */;
/*!40101 SET COLLATION_CONNECTION=@OLD_COLLATION_CONNECTION */;
/*!40111 SET SQL_NOTES=@OLD_SQL_NOTES */;

-- Dump completed on 2021-09-23 12:27:26
